Movie,Co-Producing Countries,Genre,Production Budget ($),Worldwide Box Office to Date ($),Trailer
Bad Boys For Life,United States,Action,90000000.0,424471663,No Trailer
Tenet,"United Kingdom,United States",Action,205000000.0,359518466,https://www.the-numbers.com/movie/Tenet-(2020)#tab=trailer
Sonic The Hedgehog,"Canada,Japan,United States",Adventure,90000000.0,302536124,https://www.the-numbers.com/movie/Sonic-The-Hedgehog-(Japan)-(2020)#tab=trailer
Dolittle,United States,Adventure,175000000.0,251509294,https://www.the-numbers.com/movie/Dolittle#tab=trailer
The Croods: A New Age,United States,Adventure,65000000.0,214766238,https://www.the-numbers.com/movie/Croods-A-New-Age-The-(2020)#tab=trailer
Birds of Prey (And the Fantabulous Emancipation of One Harley Quinn),United States,Action,82000000.0,201005552,https://www.the-numbers.com/movie/Birds-of-Prey-(And-the-Fantabulous-Emancipation-of-One-Harley-Quinn)-(2020)#tab=trailer
Wonder Woman 1984,United States,Action,200000000.0,166360232,https://www.the-numbers.com/movie/Wonder-Woman-1984-(2020)#tab=trailer
The Invisible Man,"Australia,United States",Horror,7000000.0,139011965,https://www.the-numbers.com/movie/Invisible-Man-The-(2020)#tab=trailer
Onward,United States,Adventure,200000000.0,133357601,https://www.the-numbers.com/movie/Onward-(2020)#tab=trailer
Soul,United States,Adventure,21500000.0,120070522,https://www.the-numbers.com/movie/Soul-(2020)#tab=trailer
The Call of the Wild,United States,Adventure,125000000.0,107351191,https://www.the-numbers.com/movie/Call-of-the-Wild-The-(2020)#tab=trailer
Mulan,"China,United States",Adventure,200000000.0,69973540,https://www.the-numbers.com/movie/Mulan-(2020)#tab=trailer
Trolls: World Tour,United States,Adventure,21500000.0,48866407,https://www.the-numbers.com/movie/Trolls-World-Tour-(2020)#tab=trailer
Fantasy Island,United States,Horror,7000000.0,48518957,https://www.the-numbers.com/movie/Fantasy-Island-(2020)#tab=trailer
Monster Hunter,"Germany,United States",Action,60000000.0,47853893,No Trailer
The New Mutants,United States,Horror,67000000.0,47535251,https://www.the-numbers.com/movie/New-Mutants-The-(2020)#tab=trailer
The War with Grandpa,United States,Comedy,38000000.0,46819069,https://www.the-numbers.com/movie/War-with-Grandpa-The-(2020)#tab=trailer
After We Collided,United States,Drama,21500000.0,43306392,No Trailer
Greenland,United States,Thriller/Suspense,34000000.0,40629075,https://www.the-numbers.com/movie/Greenland#tab=trailer
Unhinged,United States,Thriller/Suspense,33000000.0,37339104,https://www.the-numbers.com/movie/Unhinged-(2020)#tab=trailer
Honest Thief,United States,Thriller/Suspense,30000000.0,32609631,No Trailer
The Witches,United States,Adventure,21500000.0,28543567,No Trailer
Emma.,"United Kingdom,United States",Drama,10000000.0,27365788,https://www.the-numbers.com/movie/Emma-(UK)#tab=trailer
Like a Boss,United States,Comedy,29000000.0,26563888,https://www.the-numbers.com/movie/Like-a-Boss#tab=trailer
Scoob!,United States,Adventure,21500000.0,26276211,https://www.the-numbers.com/movie/Scoob#tab=trailer
Gretel & Hansel,United States,Horror,5000000.0,22052456,https://www.the-numbers.com/movie/Gretel-and-Hansel-(2020)#tab=trailer
The Photograph,United States,Drama,15000000.0,20704381,https://www.the-numbers.com/movie/Photograph-The-(2020)#tab=trailer
Brahms: The Boy II,United States,Horror,10000000.0,18968326,https://www.the-numbers.com/movie/Brahms-The-Boy-II-(2020)#tab=trailer
Promising Young Woman,"United Kingdom,United States",Black Comedy,21500000.0,18854166,https://www.the-numbers.com/movie/Promising-Young-Woman#tab=trailer
The Turning,United States,Horror,12000000.0,18460739,https://www.the-numbers.com/movie/Turning-The-(2020)#tab=trailer
Freaky,United States,Horror,6000000.0,18073433,https://www.the-numbers.com/movie/Freaky-(2020)#tab=trailer
I Still Believe,United States,Drama,12000000.0,16703751,https://www.the-numbers.com/movie/I-Still-Believe-(2020)#tab=trailer
The Night House,United States,Horror,21500000.0,15493093,No Trailer
Minari,United States,Drama,2000000.0,15474659,No Trailer
Firestarter,United States,Horror,12000000.0,15030244,https://www.the-numbers.com/movie/Firestarter-(2022)#tab=trailer
The Personal History of David Copperfield,"United Kingdom,United States",Drama,15600000.0,14630654,https://www.the-numbers.com/movie/Personal-History-of-David-Copperfield-The-(UK)#tab=trailer
The Way Back,United States,Drama,23000000.0,14563409,https://www.the-numbers.com/movie/Way-Back-The-(2020)#tab=trailer
News of the World,United States,Western,38000000.0,12668325,https://www.the-numbers.com/movie/News-of-the-World#tab=trailer
Come Play,United States,Horror,9000000.0,12624174,https://www.the-numbers.com/movie/Come-Play-(2020)#tab=trailer
The Hunt,United States,Thriller/Suspense,18200000.0,12400979,https://www.the-numbers.com/movie/Hunt-The-(2020)#tab=trailer
Almost Love,United States,Romantic Comedy,21500000.0,11600000,No Trailer
Let Him Go,United States,Thriller/Suspense,21500000.0,10773007,https://www.the-numbers.com/movie/Let-Him-Go-(2020)#tab=trailer
Impractical Jokers: The Movie,United States,Comedy,3000000.0,10466091,No Trailer
Downhill,United States,Drama,21500000.0,9159383,https://www.the-numbers.com/movie/Downhill#tab=trailer
My Spy,United States,Comedy,18000000.0,7074124,https://www.the-numbers.com/movie/My-Spy-(2020)#tab=trailer
Antebellum,United States,Thriller/Suspense,21500000.0,7013949,https://www.the-numbers.com/movie/Antebellum#tab=trailer
Fatale,United States,Thriller/Suspense,21500000.0,6823320,https://www.the-numbers.com/movie/Fatale-(2020)#tab=trailer
After Truth: Disinformation and the Cost of Fake News,United States,Documentary,21500000.0,6455717,No Trailer
Bill & Ted Face the Music,United States,Comedy,25000000.0,6255630,https://www.the-numbers.com/movie/Bill-and-Ted-Face-the-Music-(2020)#tab=trailer
The Rhythm Section,"United Kingdom,United States",Thriller/Suspense,50000000.0,5983043,https://www.the-numbers.com/movie/Rhythm-Section-The-(UK)#tab=trailer
Run,United States,Thriller/Suspense,21500000.0,5491510,https://www.the-numbers.com/movie/Run-(2020)#tab=trailer
Follow Me,United States,Horror,21500000.0,5337411,No Trailer
The Secret: Dare to Dream,United States,Drama,9400000.0,4920099,https://www.the-numbers.com/movie/Secret-Dare-to-Dream-The#tab=trailer
The Broken Hearts Gallery,"Canada,United States",Romantic Comedy,21500000.0,4835599,https://www.the-numbers.com/movie/Broken-Hearts-Gallery-The#tab=trailer
The SpongeBob Movie: Sponge on the Run,United States,Adventure,60000000.0,4810790,https://www.the-numbers.com/movie/SpongeBob-Movie-Sponge-on-the-Run-The-(2020)#tab=trailer
The Wretched,United States,Horror,66000.0,4594221,No Trailer
Cats & Dogs 3: Paws Unite!,United States,Adventure,21500000.0,4580873,No Trailer
Superintelligence,United States,Comedy,21500000.0,4170029,No Trailer
Infidel,United States,Thriller/Suspense,21500000.0,4051990,No Trailer
The Rental,United States,Thriller/Suspense,21500000.0,3976834,No Trailer
The Empty Man,United States,Horror,21500000.0,3969680,https://www.the-numbers.com/movie/Empty-Man-The-(2020)#tab=trailer
Ava,United States,Action,21500000.0,3722080,No Trailer
The Last Full Measure,"Costa Rica,United States",Drama,20000000.0,3321111,https://www.the-numbers.com/movie/Last-Full-Measure-The#tab=trailer
Half Brothers,"Mexico,United States",Comedy,21500000.0,3275079,https://www.the-numbers.com/movie/Half-Brothers-(2020)#tab=trailer
Wolfwalkers,"France,Ireland,Luxembourg,United States",Adventure,11250000.0,3241142,No Trailer
Relic,"Australia,United States",Thriller/Suspense,21500000.0,3238539,https://www.the-numbers.com/movie/Relic-(Australia)#tab=trailer
The Lodge,"United Kingdom,United States",Horror,21500000.0,3207248,No Trailer
Words on Bathroom Walls,United States,Drama,9300000.0,3184180,https://www.the-numbers.com/movie/Words-on-Bathroom-Walls#tab=trailer
The Banker,United States,Drama,11000000.0,2990000,No Trailer
The Comeback Trail,United States,Action,21500000.0,2736770,No Trailer
The Craft: Legacy,United States,Horror,21500000.0,2704918,https://www.the-numbers.com/movie/Craft-Legacy-The-(2020)#tab=trailer
Rifkin's Festival,"Italy,Spain,United States",Romantic Comedy,21500000.0,2228001,No Trailer
The High Note,United States,Comedy,21500000.0,2219433,https://www.the-numbers.com/movie/High-Note-The#tab=trailer
Happiest Season,"Canada,United States",Romantic Comedy,21500000.0,2113583,No Trailer
The Outpost,"Bulgaria,United States",Action,21500000.0,2099653,No Trailer
All My Life,United States,Drama,25000000.0,2024063,https://www.the-numbers.com/movie/All-My-Life-(2020)#tab=trailer
Echo Boomers,United States,Action,2500000.0,2003433,No Trailer
'83,"India,United Kingdom,United States",Drama,21500000.0,1993594,No Trailer
Met Opera: Porgy and Bess,United States,Concert/Performance,21500000.0,1913398,No Trailer
The Vigil,United States,Horror,21500000.0,1868659,No Trailer
Blackbird,United States,Drama,21500000.0,1824775,No Trailer
Palm Springs,United States,Comedy,5000000.0,1818417,No Trailer
Come Away,"United Kingdom,United States",Drama,21500000.0,1743649,No Trailer
The King of Staten Island,United States,Comedy,21500000.0,1709573,No Trailer
Kajillionaire,United States,Drama,21500000.0,1615171,https://www.the-numbers.com/movie/Kajillionaire#tab=trailer
Synchronic,United States,Thriller/Suspense,21500000.0,1516888,No Trailer
The Call,United States,Horror,21500000.0,1463872,No Trailer
Met Opera — Agrippina,United States,Concert/Performance,21500000.0,1453796,No Trailer
Sea Level 2: Magic Arch,United States,Adventure,21500000.0,1367883,No Trailer
The Assistant,United States,Drama,1780000.0,1350609,No Trailer
2 Hearts,United States,Drama,21500000.0,1349284,https://www.the-numbers.com/movie/2-Hearts-(2020)#tab=trailer
Fatman,"Canada,United Kingdom,United States",Black Comedy,21500000.0,1342414,No Trailer
The Distance Between Me and Me,"Romania,United States",Documentary,21500000.0,1341292,No Trailer
The Tax Collector,United States,Action,30000000.0,1309971,No Trailer
White Noise,United States,Documentary,21500000.0,1295735,No Trailer
Seberg,"United Kingdom,United States",Thriller/Suspense,8000000.0,1265119,https://www.the-numbers.com/movie/Seberg-(2019)#tab=trailer
Love and Monsters,United States,Adventure,30000000.0,1131683,No Trailer
True to the Game 2: Gena’s Story,United States,Thriller/Suspense,21500000.0,1117808,No Trailer
Dreamland,United States,Thriller/Suspense,21500000.0,1082505,No Trailer
Color Out of Space,United States,Horror,21500000.0,1067417,No Trailer
A Nice Girl Like You,United States,Romantic Comedy,21500000.0,1067328,No Trailer
Becky,United States,Thriller/Suspense,21500000.0,1063266,No Trailer
Shadow in the Cloud,United States,Action,21500000.0,1060738,No Trailer
Songbird,United States,Thriller/Suspense,21500000.0,1033533,https://www.the-numbers.com/movie/Songbird-(2020-Thriller)#tab=trailer
Met Opera: Wozzeck,United States,Concert/Performance,21500000.0,1032950,No Trailer
The Climb,United States,Drama,3000000.0,1027043,https://www.the-numbers.com/movie/Climb-The-(2020)#tab=trailer
On the Rocks,United States,Drama,21500000.0,991415,No Trailer
Endless,United States,Drama,21500000.0,953249,No Trailer
The Demon Inside,United States,Horror,21500000.0,949386,No Trailer
"Never, Rarely, Sometimes, Always","United Kingdom,United States",Drama,21500000.0,891527,https://www.the-numbers.com/movie/Never-Rarely-Sometimes-Always#tab=trailer
Behind You,United States,Horror,21500000.0,890154,No Trailer
The Last Vermeer,United States,Drama,21500000.0,884871,No Trailer
Buddy Games,"Canada,United States",Comedy,21500000.0,872222,No Trailer
Cut Throat City,United States,Drama,8000000.0,864907,No Trailer
Over the Moon,"China,United States",Musical,21500000.0,860000,No Trailer
A Call to Spy,United States,Drama,21500000.0,843458,No Trailer
Z,United States,Horror,21500000.0,818634,No Trailer
Capone,United States,Drama,21500000.0,759624,No Trailer
David Attenborough: A Life On Our Planet,United States,Documentary,21500000.0,745751,No Trailer
The Dark and The Wicked,United States,Horror,21500000.0,743691,No Trailer
Waiting for the Barbarians,"Italy,United States",Drama,21500000.0,740448,No Trailer
The Burnt Orange Heresy,United States,Thriller/Suspense,21500000.0,702376,No Trailer
The Truth,United States,Thriller/Suspense,21500000.0,670133,No Trailer
"Love, Weddings & Other Disasters",United States,Romantic Comedy,21500000.0,668121,No Trailer
The Last Shift,United States,Comedy,21500000.0,644318,No Trailer
The Secrets We Keep,United States,Thriller/Suspense,21500000.0,638216,No Trailer
The Assent,United States,Horror,21500000.0,637990,No Trailer
Alone,United States,Thriller/Suspense,21500000.0,599759,No Trailer
Fatima,"Portugal,United States",Drama,21500000.0,585082,https://www.the-numbers.com/movie/Fatima-(US)#tab=trailer
Time,United States,Documentary,21500000.0,574426,https://www.the-numbers.com/movie/Time-(2020)#tab=trailer
Once Were Brothers: Robbie Robertson and The Band,"Canada,United States",Documentary,21500000.0,556320,No Trailer
The Owners,United States,Thriller/Suspense,21500000.0,554902,No Trailer
Followed,United States,Horror,21500000.0,546382,No Trailer
First Cow,United States,Drama,21500000.0,545647,No Trailer
Sound of Metal,"Belgium,United States",Drama,5400000.0,516819,https://www.the-numbers.com/movie/Sound-of-Metal#tab=trailer
The Big Ugly,United States,Action,21500000.0,515399,No Trailer
CatVideoFest 2020,United States,Documentary,21500000.0,514145,No Trailer
The Forgotten Carols,United States,Musical,21500000.0,502252,No Trailer
Spell,United States,Horror,21500000.0,500104,No Trailer
An American Pickle,United States,Comedy,21500000.0,499737,No Trailer
Black Water: Abyss,"Australia,United Kingdom,United States",Horror,21500000.0,497526,No Trailer
Resistance,"France,Germany,United Kingdom,United States",Drama,21500000.0,460503,No Trailer
Burden,United States,Drama,21500000.0,449786,https://www.the-numbers.com/movie/Burden-(2020)#tab=trailer
Infamous,United States,Action,21500000.0,446584,No Trailer
I Am Woman,United States,Drama,21500000.0,439684,No Trailer
Adam,United States,Drama,21500000.0,428812,No Trailer
Force of Nature,United States,Action,21500000.0,415582,No Trailer
Tulsa,United States,Drama,21500000.0,413522,No Trailer
The Mole Agent,"Chile,Germany,Netherlands,Spain,United States",Documentary,21500000.0,402414,No Trailer
Rogue,United States,Action,21500000.0,401087,https://www.the-numbers.com/movie/Rogue-(2020-UK)#tab=trailer
Gunda,"Norway,United States",Documentary,21500000.0,384957,No Trailer
Tesla,United States,Drama,21500000.0,379110,No Trailer
Murder in the Woods,United States,Horror,21500000.0,372623,No Trailer
Yellow Rose,"Philippines,United States",Drama,21500000.0,367849,https://www.the-numbers.com/movie/Yellow-Rose-(2019-Philippines)#tab=trailer
Think Like a Dog,United States,Comedy,21500000.0,361632,No Trailer
Irresistible,United States,Comedy,21500000.0,338912,https://www.the-numbers.com/movie/Irresistible#tab=trailer
Shirley,United States,Thriller/Suspense,21500000.0,309641,No Trailer
The Mortuary Collection,United States,Horror,21500000.0,307160,No Trailer
Save Yourselves!,United States,Comedy,21500000.0,301162,No Trailer
Dreamkatcher,United States,Horror,21500000.0,287889,No Trailer
Created Equal: Clarence Thomas in His Own Words,United States,Documentary,21500000.0,282149,No Trailer
Norm of the North: Family Vacation,United States,Adventure,21500000.0,281996,No Trailer
The Bee Gees: How Can You Mend a Broken Heart,United States,Documentary,21500000.0,280111,No Trailer
Swallow,"France,United States",Thriller/Suspense,21500000.0,276781,No Trailer
Wendy,United States,Drama,21500000.0,267124,https://www.the-numbers.com/movie/Wendy-(2020)#tab=trailer
The Wolf of Snow Hollow,United States,Horror,21500000.0,266963,No Trailer
American Utopia,United States,Documentary,21500000.0,257905,No Trailer
"Endings, Beginnings","Republic of Korea,United States",Drama,21500000.0,256703,No Trailer
Sea Fever,"Belgium,Ireland,Sweden,United Kingdom,United States",Horror,21500000.0,254911,No Trailer
The Night Clerk,United States,Thriller/Suspense,21500000.0,245208,No Trailer
Archive,"Hungary,United Kingdom,United States",Documentary,21500000.0,244089,No Trailer
Into America’s Wild,United States,Documentary,21500000.0,242599,No Trailer
Dreamland,United States,Thriller/Suspense,21500000.0,241012,No Trailer
Survive the Night,United States,Action,21500000.0,230509,No Trailer
Death of Me,United States,Horror,21500000.0,225968,No Trailer
Zappa,United States,Documentary,21500000.0,211552,No Trailer
Feel the Beat,United States,Drama,21500000.0,207678,No Trailer
Stevie Nicks 24 Karat Gold the Concert,United States,Concert/Performance,21500000.0,203443,No Trailer
Always & Forever,United States,Thriller/Suspense,21500000.0,197463,No Trailer
Oliver Sacks: His Own Life,United States,Documentary,21500000.0,196926,No Trailer
Ottolenghi and the Cakes of Versailles,United States,Documentary,21500000.0,194149,No Trailer
The Prom,United States,Musical,21500000.0,191874,No Trailer
Deadly Illusions,United States,Thriller/Suspense,21500000.0,188864,No Trailer
The Doors: Break on Thru — A Celebration of Ray Manzarek,United States,Documentary,21500000.0,186920,No Trailer
We Summon the Darkness,United States,Horror,21500000.0,181707,No Trailer
Inheritance,United States,Thriller/Suspense,21500000.0,180488,No Trailer
The Booksellers,United States,Documentary,21500000.0,177174,No Trailer
The Silencing,"Canada,United States",Thriller/Suspense,21500000.0,170653,No Trailer
Skylines,United States,Action,21500000.0,170581,No Trailer
Paw Patrol 10,"Canada,United States",Adventure,21500000.0,165513,No Trailer
Nuh Tepesi,"Germany,Turkey,United States",Drama,21500000.0,163371,No Trailer
The Doorman,United States,Action,21500000.0,148751,No Trailer
Only,United States,Drama,21500000.0,148740,No Trailer
Saint Frances,United States,Multiple Genres,21500000.0,142198,No Trailer
The Dawn,United States,Horror,21500000.0,140710,No Trailer
Sator,United States,Horror,21500000.0,139094,No Trailer
Who Will Write Our History,United States,Documentary,21500000.0,138868,No Trailer
Beneath Us,United States,Horror,21500000.0,137260,No Trailer
The Times of Bill Cunningham,United States,Documentary,21500000.0,134288,No Trailer
Archenemy,United States,Action,21500000.0,122534,No Trailer
The Trial of the Chicago 7,United States,Drama,35000000.0,116473,No Trailer
The Dissident,United States,Documentary,21500000.0,111698,No Trailer
Arkansas,United States,Thriller/Suspense,21500000.0,109277,https://www.the-numbers.com/movie/Arkansas#tab=trailer
Before the Wrath,United States,Documentary,21500000.0,108998,No Trailer
Bloody Hell,"Australia,United States",Horror,21500000.0,107942,No Trailer
The Roads Not Taken,"United Kingdom,United States",Drama,21500000.0,105413,No Trailer
The Killing of Two Lovers,United States,Drama,32000.0,105195,No Trailer
Mank,United States,Drama,21500000.0,100072,No Trailer
The Beach House,United States,Horror,21500000.0,92364,No Trailer
Lowdown Dirty Criminals,United States,Comedy,21500000.0,90899,No Trailer
First Lady,United States,Romantic Comedy,21500000.0,89885,No Trailer
Max Winslow and the House of Secrets,United States,Thriller/Suspense,21500000.0,89519,No Trailer
Lost Girls and Love Hotels,"Japan,United States",Drama,21500000.0,83257,No Trailer
Lucky Grandma,United States,Comedy,21500000.0,82548,No Trailer
The Cleansing Hour,United States,Horror,21500000.0,82216,No Trailer
2020 Banff Mountain Film Festival,United States,Multiple Genres,21500000.0,80428,No Trailer
Chick Fight,United States,Action,21500000.0,76774,No Trailer
The Midnight Sky,United States,Adventure,100000000.0,75615,No Trailer
Pray: The Story of Patrick Peyton,United States,Documentary,21500000.0,72347,No Trailer
Assassins,United States,Documentary,21500000.0,67866,No Trailer
My Little Pony: Rainbow Roadtrip,"Canada,Ireland,United States",Adventure,21500000.0,63890,No Trailer
My Brothers’ Crossing,United States,Drama,21500000.0,59390,No Trailer
House of Cardin,"France,United States",Documentary,21500000.0,57347,No Trailer
Shark School,United States,Adventure,21500000.0,55414,No Trailer
Come As You Are,United States,Comedy,21500000.0,55047,No Trailer
A Simple Wedding,United States,Romantic Comedy,21500000.0,54415,No Trailer
The Glorias,United States,Drama,21500000.0,53715,https://www.the-numbers.com/movie/Glorias-The-(2020)#tab=trailer
Harry Potter Film Fest,United States,Drama,21500000.0,50951,No Trailer
The Departure,United States,Drama,21500000.0,50000,No Trailer
Spree,United States,Black Comedy,21500000.0,49494,No Trailer
The Way I See it,United States,Documentary,21500000.0,49030,https://www.the-numbers.com/movie/Way-I-See-it-The-(2020)#tab=trailer
VHYes,United States,Comedy,21500000.0,47037,No Trailer
The Stand-In,United States,Comedy,21500000.0,46468,No Trailer
She is the Ocean,"Germany,Indonesia,Portugal,United States",Documentary,21500000.0,46035,No Trailer
The Postcard Killings,United States,Thriller/Suspense,21500000.0,39206,No Trailer
Hillbilly Elegy,United States,Drama,45000000.0,38852,No Trailer
10 Things We Should Do Before We Break Up,United States,Comedy,21500000.0,38426,No Trailer
Anti-Life,"Canada,United States",Action,21500000.0,38424,No Trailer
Miss Juneteenth,United States,Drama,21500000.0,38355,No Trailer
Sin Origen,United States,Horror,21500000.0,38056,No Trailer
Three Christs,United States,Drama,21500000.0,37788,No Trailer
Other Music,United States,Documentary,21500000.0,37191,No Trailer
Juvenile Delinquents,United States,Drama,21500000.0,36932,No Trailer
Wake Up,United States,Horror,21500000.0,35832,No Trailer
Arthur & Merlin: Knights of Camelot,United States,Action,21500000.0,34775,No Trailer
Abe,"Brazil,United States",Documentary,21500000.0,33439,No Trailer
Friendsgiving,United States,Comedy,21500000.0,33126,No Trailer
Embattled,United States,Drama,21500000.0,32259,No Trailer
Centigrade,United States,Thriller/Suspense,21500000.0,31869,No Trailer
Wu Xia 2 the Code,United States,Action,21500000.0,31326,No Trailer
Counter Column,United States,Drama,21500000.0,30796,No Trailer
Saving Santa,"India,United Kingdom,United States",Adventure,21500000.0,30487,No Trailer
After Parkland,United States,Documentary,21500000.0,30444,No Trailer
The Manson Family Massacre,"United Kingdom,United States",Horror,21500000.0,30334,No Trailer
They Reach,United States,Horror,21500000.0,30288,No Trailer
Rent-A-Pal,United States,Horror,21500000.0,29768,No Trailer
Olympic Dreams,"Republic of Korea,United States",Romantic Comedy,21500000.0,29450,No Trailer
Tread,United States,Documentary,21500000.0,29136,No Trailer
Buffaloed,United States,Comedy,21500000.0,29118,No Trailer
Cane River,United States,Drama,21500000.0,27317,No Trailer
José,"Guatemala,United States",Drama,21500000.0,26563,No Trailer
The Artist’s Wife,United States,Drama,21500000.0,26238,No Trailer
Girl,"Canada,United States",Thriller/Suspense,21500000.0,25955,No Trailer
Sh*thouse,United States,Comedy,15000.0,24745,No Trailer
The Penitent Thief,United States,Drama,21500000.0,23823,No Trailer
Premature,United States,Drama,21500000.0,23071,No Trailer
Tar,United States,Horror,21500000.0,22307,No Trailer
What Lies Below,United States,Thriller/Suspense,21500000.0,21567,No Trailer
Agent Toby Barks,United States,Adventure,21500000.0,21300,No Trailer
The Pale Door,United States,Horror,21500000.0,21166,No Trailer
Lore,United States,Thriller/Suspense,21500000.0,20006,No Trailer
Quarantine Cat Film Fest,United States,Documentary,21500000.0,20000,No Trailer
Foster Boy,United States,Drama,21500000.0,19046,No Trailer
Seized,United States,Action,21500000.0,18973,No Trailer
I Used to Go Here,United States,Romantic Comedy,21500000.0,18340,No Trailer
Ravage,United States,Horror,21500000.0,18311,No Trailer
La cinta de Alex,"India,Spain,United States",Drama,21500000.0,18303,No Trailer
Bull,United States,Drama,21500000.0,17424,No Trailer
Everything - The Real Thing Story,United States,Documentary,21500000.0,17088,No Trailer
A Wakefield Project,United States,Horror,21500000.0,15772,No Trailer
Killer Raccoons 2: Dark Christmas in the Dark,United States,Comedy,21500000.0,15427,No Trailer
Warren Miller's Timeless,United States,Documentary,21500000.0,15114,No Trailer
Emily and the Magical Journey,"Sweden,United Kingdom,United States",Adventure,21500000.0,14372,No Trailer
Widow’s Point,United States,Thriller/Suspense,21500000.0,13816,No Trailer
Pahokee,United States,Documentary,21500000.0,13250,No Trailer
Portal,United States,Horror,21500000.0,12834,No Trailer
Still Here,United States,Drama,21500000.0,11984,No Trailer
Show Me The Picture: The Story Of Jim Marshall,"United Kingdom,United States",Documentary,21500000.0,11699,No Trailer
Powerbomb,United States,Thriller/Suspense,21500000.0,11319,No Trailer
Lost in America,United States,Documentary,21500000.0,11301,No Trailer
Disturbing the Peace,United States,Action,21500000.0,11227,No Trailer
Proximity,United States,Drama,21500000.0,10667,No Trailer
Robot Riot,United States,Action,21500000.0,10532,No Trailer
Circles: The Restorative Justice Project,United States,Documentary,21500000.0,10260,No Trailer
Coded Bias,"China,United Kingdom,United States",Documentary,21500000.0,10236,No Trailer
Guest Artist,United States,Drama,21500000.0,10017,No Trailer
Foosballers,United States,Documentary,21500000.0,9966,No Trailer
Just One More Kiss,United States,Drama,21500000.0,9130,No Trailer
You’re Not Alone,United States,Horror,21500000.0,8505,No Trailer
LX 2048,"Lithuania,United States",Thriller/Suspense,21500000.0,8388,No Trailer
Inside the Rain,United States,Romantic Comedy,21500000.0,8140,https://www.the-numbers.com/movie/Inside-the-Rain#tab=trailer
The Wave,United States,Thriller/Suspense,21500000.0,8101,No Trailer
Game of Death,"Canada,France,United States",Thriller/Suspense,21500000.0,8005,No Trailer
The Other Lamb,"Belgium,Ireland,United States",Drama,21500000.0,7507,No Trailer
Jiu Jitsu,United States,Action,21500000.0,7427,No Trailer
What We Found,United States,Thriller/Suspense,21500000.0,6975,No Trailer
I Am Lisa,United States,Horror,21500000.0,6949,No Trailer
12 Hour Shift,United States,Thriller/Suspense,21500000.0,6820,No Trailer
Human Capital,"Italy,United States",Drama,21500000.0,6596,No Trailer
Afterward,United States,Documentary,21500000.0,6477,No Trailer
Bang! Bang!,"Brazil,United States",Drama,21500000.0,6390,No Trailer
Blood Widow,United States,Thriller/Suspense,21500000.0,6047,No Trailer
Pretty Strong,United States,Documentary,21500000.0,6024,No Trailer
Evergreen,United States,Drama,21500000.0,6023,No Trailer
Sex and the Future,United States,Comedy,21500000.0,5727,No Trailer
The Immortal Wars: Resurgence,United States,Action,21500000.0,5116,No Trailer
Last Call,United States,Drama,21500000.0,4894,No Trailer
Dino Brained,United States,Adventure,21500000.0,4853,No Trailer
Farewell Amor,United States,Drama,21500000.0,4689,No Trailer
No Ordinary Love,United States,Thriller/Suspense,21500000.0,4656,No Trailer
"Monero Means Money: Cryptocurrency 101, Live from Leipzig",United States,Documentary,21500000.0,4470,No Trailer
The Shade Shepherd,United States,Thriller/Suspense,21500000.0,4409,No Trailer
The Mystery of D.B. Cooper,United States,Documentary,21500000.0,4222,No Trailer
Unexpected Modernism: The Architecture of the Wiener Brothers,United States,Documentary,21500000.0,4145,No Trailer
Critical Thinking,United States,Drama,21500000.0,4144,No Trailer
Dear Santa,United States,Documentary,21500000.0,4109,No Trailer
Straight Up,United States,Romantic Comedy,21500000.0,4075,No Trailer
"Amigo Skate, Cuba","Cuba,United States",Documentary,21500000.0,4019,No Trailer
"Family Romance, LLC.",United States,Drama,21500000.0,3829,No Trailer
King’s Gambit,United States,Thriller/Suspense,21500000.0,3816,No Trailer
The Quarry,United States,Thriller/Suspense,21500000.0,3671,https://www.the-numbers.com/movie/Quarry-The-(2020)#tab=trailer
REAL,United States,Drama,21500000.0,3568,No Trailer
Agent Jade Black,United States,Action,21500000.0,3474,No Trailer
Rebuilding Paradise,United States,Documentary,21500000.0,3404,No Trailer
Robin’s Wish,United States,Documentary,21500000.0,3296,No Trailer
Paper Champions,United States,Comedy,21500000.0,3036,No Trailer
Mr. Soul!,United States,Documentary,21500000.0,2574,No Trailer
Horror Nights,United States,Horror,21500000.0,2415,No Trailer
2177: The San Francisco Love Hacker Crimes,United States,Drama,21500000.0,2349,No Trailer
The Transcendents,United States,Thriller/Suspense,21500000.0,2041,No Trailer
Cancion sin nombre,"Chile,Peru,Spain,United States",Drama,21500000.0,2017,No Trailer
The Surrogate,United States,Drama,21500000.0,1988,No Trailer
Tales from the Rabbit Hole: A Curious Kitsch Novel,"Portugal,United States",Comedy,21500000.0,1898,No Trailer
All I Can Say,United States,Documentary,21500000.0,1689,No Trailer
The Fox Hunter,United States,Comedy,21500000.0,1577,No Trailer
Totally Under Control,United States,Documentary,21500000.0,1464,No Trailer
The 2nd,United States,Action,21500000.0,1393,No Trailer
Army of One,United States,Action,21500000.0,1282,No Trailer
Happy Happy Joy Joy — The Ren & Stimpy Story,United States,Documentary,21500000.0,1268,No Trailer
The Fare,United States,Thriller/Suspense,21500000.0,1243,No Trailer
Fear PHarm,United States,Comedy,21500000.0,1157,No Trailer
Huracán,United States,Thriller/Suspense,21500000.0,1080,No Trailer
Parallel Policy,United States,Documentary,21500000.0,1070,No Trailer
The Dawnseeker,United States,Action,21500000.0,938,No Trailer
Run With The Hunted,United States,Action,21500000.0,862,No Trailer
The Obsidian Curse,United States,Horror,21500000.0,854,No Trailer
Kizim Gibi Kokuyorsun,"France,Turkey,United States",Drama,21500000.0,823,No Trailer
Smiley Face Killers,United States,Thriller/Suspense,21500000.0,781,No Trailer
Money Plane,United States,Action,21500000.0,618,No Trailer
That Click,United States,Documentary,21500000.0,601,No Trailer
Spaceship Earth,United States,Documentary,21500000.0,362,No Trailer
My Uncle John Is a Zombie!,United States,Black Comedy,21500000.0,361,No Trailer
Animal Among Us,United States,Horror,21500000.0,353,No Trailer
Unfit: The Psychology of Donald Trump,United States,Documentary,21500000.0,327,No Trailer
St. Patrick’s Day,United States,Educational,21500000.0,260,No Trailer
The Devil has a Name,United States,Drama,21500000.0,182,No Trailer
Mortal,"Norway,United Kingdom,United States",Thriller/Suspense,21500000.0,145,No Trailer
Ma and Pa Kettle on Vacation,United States,Comedy,21500000.0,133,No Trailer
A Chef’s Voyage,United States,Documentary,21500000.0,99,No Trailer
"Yes, God, Yes",United States,Comedy,21500000.0,27,No Trailer
I am Patrick,United States,Multiple Genres,21500000.0,16,No Trailer
The Challenger,United States,Drama,21500000.0,0,No Trailer
Hancock 2,United States,Action,21500000.0,0,No Trailer
Walkaway Joe,United States,Drama,21500000.0,0,No Trailer
Green Lantern Corps,United States,Action,21500000.0,0,No Trailer
Doc Savage,United States,Adventure,21500000.0,0,No Trailer
The Godmother,United States,Drama,21500000.0,0,No Trailer
G.I. Joe: Ever Vigilant,United States,Action,21500000.0,0,No Trailer
The Settlers of Catan,United States,Adventure,21500000.0,0,No Trailer
Flash Gordon,United States,Action,21500000.0,0,No Trailer
Beanstalk,United States,Adventure,21500000.0,0,No Trailer
The Six Billion Dollar Man,United States,Action,21500000.0,0,No Trailer
Bronco Belle,United States,Drama,21500000.0,0,No Trailer
Jonny Quest,United States,Adventure,21500000.0,0,No Trailer
Houses of Deceit,United States,Drama,21500000.0,0,No Trailer
The Rosie Project,United States,Romantic Comedy,21500000.0,0,No Trailer
All the Bright Places,United States,Drama,21500000.0,0,No Trailer
Stargirl,United States,Romantic Comedy,21500000.0,0,No Trailer
Dork Diaries,United States,Drama,21500000.0,0,No Trailer
Broken Land,"Switzerland,United States",Documentary,21500000.0,0,No Trailer
I Am Pilgrim,"United Kingdom,United States",Thriller/Suspense,21500000.0,0,No Trailer
Django Lives!,United States,Western,21500000.0,0,No Trailer
The Shave,United States,Drama,21500000.0,0,No Trailer
Diana Kennedy: Nothing Fancy,United States,Documentary,21500000.0,0,No Trailer
"Fortunately, the Milk",United States,Adventure,21500000.0,0,No Trailer
The Willoughbys,"Canada,United States",Adventure,21500000.0,0,No Trailer
Ex-Criminals,United States,Comedy,21500000.0,0,No Trailer
Fantastic Voyage,United States,Adventure,21500000.0,0,No Trailer
Magic Camp,United States,Adventure,21500000.0,0,No Trailer
Bride of Frankenstein,United States,Horror,21500000.0,0,No Trailer
Malibu Road,United States,Thriller/Suspense,21500000.0,0,No Trailer
Bad Dads,United States,Comedy,21500000.0,0,No Trailer
Impossible Monsters,United States,Thriller/Suspense,21500000.0,0,No Trailer
The Price of Admission,United States,Documentary,21500000.0,0,No Trailer
The True American,"Chile,United States",Drama,21500000.0,0,No Trailer
Speedhunters,"China,United States",Action,21500000.0,0,No Trailer
Artemis Fowl,United States,Adventure,100000000.0,0,https://www.the-numbers.com/movie/Artemis-Fowl-(2020)#tab=trailer
Windows on the World,United States,Drama,21500000.0,0,No Trailer
The Billion Brick Race,United States,Adventure,21500000.0,0,No Trailer
Cowboy Ninja Viking,United States,Action,21500000.0,0,No Trailer
Seven Stages to Achieve Eternal Bliss By Passing Through the Gateway Chosen By the Holy Storsh,United States,Black Comedy,21500000.0,0,No Trailer
Signal Hill,United States,Drama,21500000.0,0,No Trailer
Snowblind,United States,Action,21500000.0,0,No Trailer
Untitled Deathstroke Film,United States,Action,21500000.0,0,No Trailer
Gotham City Sirens,United States,Action,21500000.0,0,No Trailer
Selfie Dad,United States,Comedy,21500000.0,0,No Trailer
D-Love,"Romania,United States",Drama,21500000.0,0,No Trailer
Newsflash,United States,Drama,21500000.0,0,No Trailer
Valley Girl,United States,Musical,21500000.0,0,No Trailer
The Ride,United States,Action,21500000.0,0,No Trailer
7 Days as a Kingpin,United States,Comedy,21500000.0,0,No Trailer
Hope’s Wish,United States,Drama,21500000.0,0,No Trailer
Michael Zero,United States,Thriller/Suspense,21500000.0,0,No Trailer
Justine,United States,Drama,21500000.0,0,No Trailer
Do Not Reply,United States,Horror,21500000.0,0,No Trailer
Looks That Kill,United States,Black Comedy,21500000.0,0,No Trailer
The Tommyknockers,United States,Horror,21500000.0,0,No Trailer
Greyhound,United States,Action,50300000.0,0,https://www.the-numbers.com/movie/Greyhound-(2020)#tab=trailer
Tape,United States,Thriller/Suspense,21500000.0,0,No Trailer
Beautiful Ruins,United States,Drama,21500000.0,0,No Trailer
xXx 4,United States,Documentary,21500000.0,0,No Trailer
Gay Kid and Fat Chick,United States,Comedy,21500000.0,0,No Trailer
Emperor,United States,Drama,21500000.0,0,No Trailer
M.A.S.K.: Mobile Armored Strike Kommand,United States,Action,21500000.0,0,No Trailer
Charlie Johnson in the Flames,United States,Thriller/Suspense,21500000.0,0,No Trailer
Atomic Blonde 2,United States,Thriller/Suspense,21500000.0,0,No Trailer
Bad Blood,United States,Drama,21500000.0,0,No Trailer
This is Jane,United States,Drama,21500000.0,0,No Trailer
Speed of Life,United States,Drama,21500000.0,0,No Trailer
Black Beauty,United States,Drama,21500000.0,0,No Trailer
Tension Ring,United States,Comedy,21500000.0,0,No Trailer
Eurovision Song Contest: The Story of Fire Saga,United States,Comedy,21500000.0,0,No Trailer
Steal Wheels,United States,Action,21500000.0,0,No Trailer
Ice Cold Heat,United States,Comedy,21500000.0,0,No Trailer
All Day and a Night,United States,Drama,21500000.0,0,No Trailer
Utopia Road,United States,Drama,21500000.0,0,No Trailer
Body Cam,United States,Horror,21500000.0,0,No Trailer
Big Time Adolescence,United States,Comedy,21500000.0,0,No Trailer
My Name is Myeisha,United States,Drama,21500000.0,0,No Trailer
Wolfman’s Got Nards,United States,Documentary,21500000.0,0,No Trailer
Eye for an Eye,United States,Action,21500000.0,0,No Trailer
Team Marco,United States,Comedy,21500000.0,0,No Trailer
The Last Thing He Wanted,United States,Drama,21500000.0,0,No Trailer
Weetzie Bat,United States,Documentary,21500000.0,0,No Trailer
Rugrats,United States,Documentary,21500000.0,0,No Trailer
Modern Persuasion,United States,Drama,21500000.0,0,No Trailer
Shooting Heroin,United States,Action,21500000.0,0,https://www.the-numbers.com/movie/Shooting-Heroin#tab=trailer
I Am Maurice,United States,Drama,21500000.0,0,No Trailer
The Language of Flowers,United States,Drama,21500000.0,0,No Trailer
The Seven Sorrows of Mary,"Brazil,United States",Drama,21500000.0,0,No Trailer
Random Acts of Violence,United States,Horror,21500000.0,0,No Trailer
Selah and the Spades,United States,Drama,21500000.0,0,No Trailer
Babysplitters,United States,Comedy,21500000.0,0,No Trailer
Tigertail,United States,Drama,21500000.0,0,No Trailer
Jungleland,"United Kingdom,United States",Drama,21500000.0,0,No Trailer
The King,United States,Action,21500000.0,0,No Trailer
Eve,United States,Drama,21500000.0,0,No Trailer
Josie & Jack,United States,Drama,21500000.0,0,No Trailer
Banana Split,United States,Comedy,21500000.0,0,No Trailer
Henri Dauman: Looking Up,United States,Documentary,21500000.0,0,No Trailer
Mosul,United States,Drama,21500000.0,0,No Trailer
Jingle Jangle: A Christmas Journey,United States,Musical,21500000.0,0,https://www.the-numbers.com/movie/Jingle-Jangle-A-Christmas-Journey-(2020)#tab=trailer
A Perfect Plan,United States,Thriller/Suspense,21500000.0,0,No Trailer
Le brio,United States,Drama,21500000.0,0,No Trailer
Lost Girls,United States,Drama,21500000.0,0,No Trailer
Alphas,United States,Thriller/Suspense,21500000.0,0,No Trailer
Not Safe For Work,United States,Thriller/Suspense,2500000.0,0,No Trailer
1 Angry Black Man,United States,Drama,21500000.0,0,No Trailer
American Fighter,United States,Drama,21500000.0,0,No Trailer
Extraction,United States,Action,65000000.0,0,No Trailer
The Vast of Night,United States,Thriller/Suspense,21500000.0,0,No Trailer
Seadrift,United States,Documentary,21500000.0,0,No Trailer
To all the Boys: P.S. I Still Love You,United States,Drama,21500000.0,0,No Trailer
Troop Zero,United States,Comedy,21500000.0,0,https://www.the-numbers.com/movie/Troop-Zero-(2019)#tab=trailer
Anbessa,"Ethiopia,Italy,United States",Drama,21500000.0,0,No Trailer
Diving Deep: The Life and Times of Mike deGruy,United States,Documentary,21500000.0,0,No Trailer
Making Apes: The Artists Who Changed Film,United States,Documentary,21500000.0,0,No Trailer
The Lovebirds,United States,Comedy,16000000.0,0,https://www.the-numbers.com/movie/Lovebirds-The-(2020)#tab=trailer
Assassin 33 A.D.,United States,Drama,21500000.0,0,No Trailer
The Vanished,United States,Thriller/Suspense,21500000.0,0,No Trailer
Fourteen,United States,Drama,21500000.0,0,No Trailer
Da 5 Bloods,United States,Drama,21500000.0,0,No Trailer
2050,United States,Drama,21500000.0,0,No Trailer
Drowning,United States,Drama,21500000.0,0,No Trailer
The Devil to Pay,United States,Thriller/Suspense,21500000.0,0,No Trailer
Well Groomed,United States,Documentary,21500000.0,0,No Trailer
Sérgio,United States,Drama,21500000.0,0,No Trailer
Bad Trip,United States,Comedy,21500000.0,0,No Trailer
The Devil All the Time,United States,Thriller/Suspense,21500000.0,0,No Trailer
"I Love You, Now Die: The Commonwealth v. Michelle Carter",United States,Documentary,21500000.0,0,No Trailer
Holidate,United States,Romantic Comedy,21500000.0,0,No Trailer
Coffee & Kareem,United States,Comedy,21500000.0,0,No Trailer
Any One of Us,"Canada,Mexico,Netherlands,United States",Documentary,21500000.0,0,No Trailer
Snatchers,United States,Comedy,21500000.0,0,No Trailer
Hooking Up,United States,Comedy,21500000.0,0,No Trailer
The One and Only Ivan,United States,Adventure,21500000.0,0,https://www.the-numbers.com/movie/One-and-Only-Ivan-The-(2020)#tab=trailer
Stray Dolls,United States,Drama,21500000.0,0,No Trailer
Fearless Faith,United States,Drama,21500000.0,0,No Trailer
The Last Champion,United States,Drama,21500000.0,0,No Trailer
Rogue Warfare: The Hunt,United States,Action,21500000.0,0,No Trailer
Rogue Warfare: Death of a Nation,United States,Action,21500000.0,0,No Trailer
A Babysitter’s Guide to Monster Hunting,United States,Black Comedy,21500000.0,0,No Trailer
Phineas and Ferb the Movie: Candace Against the Universe,United States,Adventure,21500000.0,0,No Trailer
Tomb Raider 2,United States,Action,21500000.0,0,No Trailer
Blood From Stone,United States,Western,21500000.0,0,No Trailer
"Red, White & Wasted",United States,Documentary,21500000.0,0,No Trailer
The Last Days of American Crime,United States,Action,21500000.0,0,No Trailer
Clementine,United States,Drama,21500000.0,0,No Trailer
Work It,United States,Comedy,21500000.0,0,No Trailer
The Dog Doc,United States,Documentary,21500000.0,0,No Trailer
For They Know Not What They Do,United States,Documentary,21500000.0,0,No Trailer
Happy Life,United States,Comedy,21500000.0,0,No Trailer
Dolphin Reef,United States,Documentary,21500000.0,0,No Trailer
The Boys in the Band,United States,Drama,21500000.0,0,No Trailer
John Lewis: Good Trouble,United States,Documentary,21500000.0,0,https://www.the-numbers.com/movie/John-Lewis-Good-Trouble#tab=trailer
Waldo on Weed,United States,Documentary,21500000.0,0,No Trailer
I Am That Man,United States,Drama,21500000.0,0,No Trailer
And We Go Green,United States,Documentary,21500000.0,0,No Trailer
Rebecca,"United Kingdom,United States",Drama,21500000.0,0,No Trailer
#Like,United States,Thriller/Suspense,21500000.0,0,No Trailer
Timmy Failure: Mistakes Were Made,United States,Adventure,40000000.0,0,No Trailer
The Latin From Manhattan,United States,Drama,21500000.0,0,No Trailer
The 24th,United States,Drama,21500000.0,0,No Trailer
You Don’t Nomi,United States,Documentary,21500000.0,0,No Trailer
Return to Hardwick,United States,Documentary,21500000.0,0,No Trailer
The Old Guard,United States,Action,70000000.0,0,https://www.the-numbers.com/movie/Old-Guard-The#tab=trailer
Chemical Hearts,"United Kingdom,United States",Drama,21500000.0,0,https://www.the-numbers.com/movie/Chemical-Hearts-(2020)#tab=trailer
End of Sentence,"Iceland,Ireland,United States",Drama,21500000.0,0,No Trailer
Parkland Rising,United States,Documentary,21500000.0,0,No Trailer
Alone,United States,Horror,21500000.0,0,No Trailer
Blood On Her Name,United States,Thriller/Suspense,21500000.0,0,No Trailer
Viena and the Fantomes,United States,Drama,21500000.0,0,No Trailer
Enola Holmes,United States,Drama,21500000.0,0,No Trailer
Vampires vs. the Bronx,United States,Horror,21500000.0,0,No Trailer
One Night in Miami,United States,Drama,16937665.0,0,No Trailer
The Deeper You Dig,United States,Horror,21500000.0,0,No Trailer
Camp Cold Brook,United States,Horror,21500000.0,0,No Trailer
Gutterbug,United States,Drama,21500000.0,0,No Trailer
Saviors,United States,Thriller/Suspense,21500000.0,0,No Trailer
Tunnels,United States,Comedy,21500000.0,0,No Trailer
Queer Japan,"Japan,United States",Documentary,21500000.0,0,No Trailer
1BR,United States,Thriller/Suspense,21500000.0,0,No Trailer
Slay the Dragon,United States,Documentary,21500000.0,0,No Trailer
John Henry,United States,Thriller/Suspense,21500000.0,0,No Trailer
Godfrey,United States,Romantic Comedy,21500000.0,0,No Trailer
We Can Be Heroes,United States,Adventure,21500000.0,0,No Trailer
"While I Breathe, I Hope",United States,Documentary,21500000.0,0,No Trailer
Limbo,United States,Horror,21500000.0,0,No Trailer
Mothertrucker,United States,Adventure,21500000.0,0,No Trailer
The Infiltrators,United States,Thriller/Suspense,21500000.0,0,No Trailer
Blowing Up Right Now,United States,Romantic Comedy,21500000.0,0,No Trailer
The Sounding,United States,Drama,21500000.0,0,No Trailer
"Standing Up, Falling Down",United States,Comedy,21500000.0,0,No Trailer
Blood and Money,United States,Thriller/Suspense,21500000.0,0,No Trailer
The Lost Husband,United States,Romantic Comedy,21500000.0,0,No Trailer
A Time Lost,United States,Drama,21500000.0,0,No Trailer
Desert One,United States,Documentary,21500000.0,0,No Trailer
Blow the Man Down,United States,Thriller/Suspense,21500000.0,0,No Trailer
Dream Doll,United States,Drama,21500000.0,0,No Trailer
The Son of a Prominent Journalist,United States,Documentary,21500000.0,0,No Trailer
The Lie,United States,Horror,21500000.0,0,No Trailer
Free Burma Rangers,United States,Documentary,21500000.0,0,No Trailer
Soros,United States,Documentary,21500000.0,0,No Trailer
Inherit the Viper,United States,Drama,21500000.0,0,https://www.the-numbers.com/movie/Inherit-the-Viper#tab=trailer
Safety,United States,Drama,21500000.0,0,No Trailer
A Hard Problem,United States,Educational,21500000.0,0,No Trailer
First One In,United States,Comedy,21500000.0,0,No Trailer
Charm City Kings,United States,Drama,21500000.0,0,https://www.the-numbers.com/movie/Charm-City-Kings#tab=trailer
UNpregnant,United States,Drama,21500000.0,0,No Trailer
The Binge,United States,Comedy,21500000.0,0,No Trailer
Born to Be,United States,Documentary,21500000.0,0,No Trailer
A Christmas Carol,United States,Musical,21500000.0,0,No Trailer
Most Evil,United States,Horror,21500000.0,0,No Trailer
North Hollywood,United States,Thriller/Suspense,21500000.0,0,No Trailer
Dragonheart Vengeance,United States,Drama,21500000.0,0,No Trailer
"Love, Guaranteed",United States,Romantic Comedy,21500000.0,0,No Trailer
Fatal Affair,United States,Thriller/Suspense,21500000.0,0,No Trailer
Never and Again,United States,Romantic Comedy,21500000.0,0,No Trailer
Clown Fear,United States,Horror,21500000.0,0,No Trailer
Elsewhere,United States,Comedy,21500000.0,0,No Trailer
Clouds,United States,Drama,21500000.0,0,No Trailer
Intrigo: Dear Agnes,"Germany,Sweden,United States",Thriller/Suspense,21500000.0,0,https://www.the-numbers.com/movie/Intrigo-Dear-Agnes-(Germany)#tab=trailer
Intrigo: Death Of An Author,"Germany,Sweden,United States",Drama,21500000.0,0,No Trailer
Intrigo: Samaria,"Germany,Sweden,United States",Drama,21500000.0,0,No Trailer
The Murder of Nicole Brown Simpson,United States,Thriller/Suspense,21500000.0,0,No Trailer
Hunter’s Moon,United States,Thriller/Suspense,21500000.0,0,No Trailer
City of Joel,United States,Documentary,21500000.0,0,No Trailer
The Art of Political Murder,"United Kingdom,United States",Documentary,21500000.0,0,No Trailer
The Phenomenon,United States,Documentary,21500000.0,0,No Trailer
Love and Sunshine,United States,Drama,21500000.0,0,No Trailer
In Bright Axiom,United States,Documentary,21500000.0,0,No Trailer
The Planters,United States,Comedy,21500000.0,0,No Trailer
Blind Eyes Opened,United States,Documentary,21500000.0,0,No Trailer
Acquitted by Faith,United States,Drama,21500000.0,0,No Trailer
Justice League Dark: Apokolips War,United States,Action,21500000.0,0,No Trailer
Superman: Red Son,United States,Adventure,21500000.0,0,No Trailer
I’m Your Woman,United States,Drama,21500000.0,0,https://www.the-numbers.com/movie/Im-Your-Woman-(2020)#tab=trailer
Koshien: Japan’s Field of Dreams,"Japan,United States",Documentary,21500000.0,0,No Trailer
The Main Event,United States,Action,21500000.0,0,No Trailer
A Shoe Addict’s Christmas,United States,Drama,21500000.0,0,No Trailer
"Pride, Prejudice and Mistletoe",United States,Drama,21500000.0,0,No Trailer
Scare Me,United States,Horror,21500000.0,0,No Trailer
Get Gone,United States,Horror,21500000.0,0,No Trailer
Waltzing With Brando,United States,Drama,21500000.0,0,No Trailer
After Midnight,United States,Horror,21500000.0,0,No Trailer
Go Back to China,"China,United States",Drama,21500000.0,0,No Trailer
The 40-Year Old Version,United States,Drama,21500000.0,0,No Trailer
Sylvie’s Love,United States,Drama,21500000.0,0,No Trailer
Wander Darkly,United States,Drama,21500000.0,0,https://www.the-numbers.com/movie/Wander-Darkly-(2020)#tab=trailer
A Thousand Cuts,"Philippines,United States",Documentary,21500000.0,0,No Trailer
"Bloody Nose, Empty Pockets",United States,Documentary,21500000.0,0,No Trailer
Boys State,United States,Documentary,21500000.0,0,No Trailer
Crip Camp,United States,Documentary,21500000.0,0,No Trailer
Dick Johnson is Dead,United States,Multiple Genres,21500000.0,0,No Trailer
Feels Good Man,United States,Documentary,21500000.0,0,No Trailer
The Fight,United States,Documentary,21500000.0,0,https://www.the-numbers.com/movie/Fight-The-(2020)#tab=trailer
Mucho Mucho Amor,United States,Documentary,21500000.0,0,No Trailer
Welcome to Chechnya,United States,Documentary,21500000.0,0,No Trailer
Black Bear,United States,Drama,21500000.0,0,No Trailer
La Leyenda Negra,United States,Drama,21500000.0,0,No Trailer
Horse Girl,United States,Drama,21500000.0,0,No Trailer
Uncle Frank,United States,Drama,21500000.0,0,https://www.the-numbers.com/movie/Uncle-Frank-(2020)#tab=trailer
Aggie,United States,Documentary,21500000.0,0,No Trailer
Disclosure: Trans Lives on Screen,United States,Documentary,21500000.0,0,No Trailer
Giving Voice,United States,Documentary,21500000.0,0,No Trailer
Natalie Wood: What Remains Behind,United States,Documentary,21500000.0,0,No Trailer
Taylor Swift: Miss Americana,United States,Documentary,21500000.0,0,No Trailer
Bad Hair,United States,Comedy,21500000.0,0,No Trailer
Black Woodstock,United States,Documentary,21500000.0,0,No Trailer
The Truth About Santa Claus,United States,Comedy,21500000.0,0,No Trailer
Bulletproof 2,United States,Action,21500000.0,0,No Trailer
Leave Yesterday Behind,United States,Drama,21500000.0,0,No Trailer
Emerald Run,United States,Action,21500000.0,0,No Trailer
Green Rush,United States,Thriller/Suspense,21500000.0,0,No Trailer
You Should Have Left,United States,Horror,21500000.0,0,https://www.the-numbers.com/movie/You-Should-Have-Left-(2020)#tab=trailer
Reality Queen!,United States,Comedy,21500000.0,0,No Trailer
A Fall From Grace,United States,Thriller/Suspense,21500000.0,0,No Trailer
Ana,"Puerto Rico,United States",Comedy,21500000.0,0,No Trailer
Diet Fiction,United States,Documentary,21500000.0,0,No Trailer
Home With a View of the Monster,United States,Horror,21500000.0,0,No Trailer
Godmothered,United States,Comedy,21500000.0,0,No Trailer
Like Harvey Like Son,United States,Documentary,21500000.0,0,No Trailer
Spenser Confidential,United States,Action,21500000.0,0,No Trailer
Dream Round,United States,Comedy,21500000.0,0,No Trailer
The Story of Us,United States,Romantic Comedy,21500000.0,0,No Trailer
VFW,United States,Action,21500000.0,0,No Trailer
We are the Dream: The Kids of the Oakland MLK Oratorical Fest,United States,Documentary,21500000.0,0,No Trailer
True Justice: Bryan Stevenson’s Fight for Equality,United States,Documentary,21500000.0,0,No Trailer
Melrose,United States,Comedy,21500000.0,0,No Trailer
Miss Snake Charmer,United States,Documentary,21500000.0,0,No Trailer
Lobster War: The Fight Over the World’s Richest Fishing Grounds,United States,Documentary,21500000.0,0,No Trailer
Nation’s Fire,United States,Action,21500000.0,0,No Trailer
Bottled With Love,United States,Drama,21500000.0,0,No Trailer
Power of the Air,United States,Drama,21500000.0,0,No Trailer
Spy Intervention,United States,Action,21500000.0,0,No Trailer
We Are Freestyle Love Supreme,United States,Documentary,21500000.0,0,No Trailer
The Social Dilemma,United States,Documentary,21500000.0,0,No Trailer
Make America Laugh Again,United States,Documentary,21500000.0,0,No Trailer
Eleven Eleven,United States,Comedy,21500000.0,0,No Trailer
The Siren,United States,Horror,21500000.0,0,No Trailer
Crossword Mysteries: Proposing Murder,United States,Drama,21500000.0,0,No Trailer
Chance,United States,Drama,21500000.0,0,No Trailer
Lifeline: Clyfford Still,United States,Documentary,21500000.0,0,No Trailer
Friends Who Kill,United States,Thriller/Suspense,21500000.0,0,No Trailer
Friend Request,United States,Thriller/Suspense,21500000.0,0,No Trailer
Grounded For Christmas,United States,Romantic Comedy,21500000.0,0,No Trailer
Ma Rainey’s Black Bottom,United States,Drama,21500000.0,0,No Trailer
Brown Paper Bag,United States,Drama,21500000.0,0,No Trailer
Black Wall Street Burning,United States,Drama,21500000.0,0,No Trailer
Underneath the Same Moon,United States,Romantic Comedy,21500000.0,0,No Trailer
Dead Earth,United States,Action,21500000.0,0,No Trailer
Higher Love,United States,Documentary,21500000.0,0,No Trailer
Lazy Susan,United States,Comedy,21500000.0,0,No Trailer
Vaxxed II: The People’s Truth,United States,Documentary,21500000.0,0,No Trailer
GenX: a Chemical Cocktail,United States,Documentary,21500000.0,0,No Trailer
Clover,United States,Comedy,21500000.0,0,No Trailer
My One & Only,United States,Drama,21500000.0,0,No Trailer
The Girl in the Crawlspace,United States,Horror,21500000.0,0,No Trailer
Restricted Area,United States,Horror,21500000.0,0,No Trailer
What the Night Can Do,United States,Drama,21500000.0,0,No Trailer
Marcel Duchamp: The Art of The Possible,United States,Documentary,21500000.0,0,No Trailer
Sunken Roads: Three Generations After D-Day,"France,United Kingdom,United States",Documentary,21500000.0,0,No Trailer
Legionnaire’s Trail,United States,Action,21500000.0,0,No Trailer
Lost Bayou,United States,Drama,21500000.0,0,No Trailer
To Your Last Death,United States,Horror,21500000.0,0,No Trailer
Brightheart 2: Firefly Action Brigade,United States,Adventure,21500000.0,0,No Trailer
"Live Fast, Die Laughing",United States,Action,21500000.0,0,No Trailer
Burning Kentucky,United States,Drama,21500000.0,0,No Trailer
The Way You Look Tonight,United States,Drama,21500000.0,0,No Trailer
Hiro’s Table,United States,Documentary,21500000.0,0,No Trailer
Sisu,United States,Documentary,21500000.0,0,No Trailer
The Sand Dune,United States,Drama,21500000.0,0,No Trailer
Hamilton,United States,Musical,21500000.0,0,https://www.the-numbers.com/movie/Hamilton#tab=trailer
Final Kill,"Thailand,United States",Action,21500000.0,0,No Trailer
The Library That Dolly Built,United States,Documentary,21500000.0,0,No Trailer
Cruel Hearts,United States,Thriller/Suspense,21500000.0,0,No Trailer
Alternate Endings: Six New Ways to Die in America,United States,Documentary,21500000.0,0,No Trailer
The Pistol Shrimps,"Canada,United States",Documentary,21500000.0,0,No Trailer
Love Unleashed,United States,Drama,21500000.0,0,No Trailer
Jump Shot: The Kenny Sailors Story,United States,Documentary,21500000.0,0,No Trailer
Skin Deep: The Battle Over Morgellons,United States,Documentary,21500000.0,0,No Trailer
M.O.M. (Mothers of Monsters),United States,Thriller/Suspense,21500000.0,0,No Trailer
Limerence,United States,Drama,21500000.0,0,No Trailer
Viral: Antisemitism in Four Mutations,United States,Documentary,21500000.0,0,No Trailer
O2,United States,Thriller/Suspense,21500000.0,0,No Trailer
Is Anybody Listening?,United States,Documentary,21500000.0,0,No Trailer
The Truth About Marriage,"Spain,United Kingdom,United States",Documentary,21500000.0,0,No Trailer
A Feeling of Home,United States,Drama,21500000.0,0,No Trailer
Kill the Monsters,United States,Comedy,21500000.0,0,No Trailer
The Projectionist,"Greece,United States",Documentary,21500000.0,0,No Trailer
Butt Boy,United States,Comedy,21500000.0,0,No Trailer
Driveways,United States,Drama,21500000.0,0,No Trailer
Lingua Franca,"Philippines,United States",Drama,21500000.0,0,No Trailer
Zombie Rampage 2,United States,Horror,21500000.0,0,No Trailer
After We Leave,United States,Drama,21500000.0,0,No Trailer
El Viejo,United States,Documentary,21500000.0,0,No Trailer
Beastie Boys Story,United States,Documentary,21500000.0,0,No Trailer
I Will Make You Mine,United States,Drama,21500000.0,0,No Trailer
A Fine Line,United States,Documentary,21500000.0,0,No Trailer
No Small Matter,United States,Documentary,21500000.0,0,No Trailer
A Kid From Coney Island,"China,United States",Documentary,21500000.0,0,No Trailer
Street Survivors: The True Story of the Lynyrd Skynyrd Plane Crash,United States,Drama,21500000.0,0,No Trailer
Over the Rainbow,United States,Documentary,21500000.0,0,No Trailer
Red Penguins,United States,Documentary,21500000.0,0,No Trailer
Foxtrot Six,"Indonesia,United States",Action,21500000.0,0,No Trailer
Streetlight Harmonies,United States,Documentary,21500000.0,0,No Trailer
50 Summers,United States,Documentary,21500000.0,0,No Trailer
Rag Doll,United States,Action,21500000.0,0,No Trailer
Draupadi Unleashed,United States,Drama,21500000.0,0,No Trailer
Challenge of Five Gauntlets,United States,Action,21500000.0,0,No Trailer
Over the Moon in Love,United States,Drama,21500000.0,0,No Trailer
Easter Under Wraps,United States,Drama,21500000.0,0,No Trailer
Woman on the Edge,United States,Thriller/Suspense,21500000.0,0,No Trailer
"Scream, Queen! My Nightmare on Elm Street",United States,Documentary,21500000.0,0,No Trailer
The Warrant,United States,Western,21500000.0,0,No Trailer
By Light of Desert Night,United States,Drama,21500000.0,0,No Trailer
I Am Fear,United States,Thriller/Suspense,21500000.0,0,No Trailer
Superdome,United States,Drama,21500000.0,0,No Trailer
Holly Slept Over,United States,Comedy,21500000.0,0,No Trailer
Art Paul of Playboy: The Man Behind the Bunny,United States,Documentary,21500000.0,0,No Trailer
Last Moment of Clairty,United States,Thriller/Suspense,21500000.0,0,No Trailer
Queen of Paradis,United States,Documentary,21500000.0,0,No Trailer
My Senior Year,United States,Comedy,21500000.0,0,No Trailer
Tuscaloosa,United States,Drama,21500000.0,0,No Trailer
Mossville: When Great Trees Fall,United States,Documentary,21500000.0,0,No Trailer
So Late So Soon,United States,Documentary,21500000.0,0,No Trailer
Lost Transmissions,United States,Drama,21500000.0,0,No Trailer
The Astrid Experience,United States,Drama,21500000.0,0,No Trailer
Barefoot: The Mark Baumer Story,United States,Documentary,21500000.0,0,No Trailer
I Hate the Man In My Basement,United States,Thriller/Suspense,21500000.0,0,No Trailer
True Love Blooms,United States,Drama,21500000.0,0,No Trailer
Mortal Kombat Legends: Scorpions’s Revenge,United States,Action,21500000.0,0,No Trailer
A Towering Task: The Story of the Peace Corps,United States,Documentary,21500000.0,0,No Trailer
Trump Card,United States,Documentary,21500000.0,0,No Trailer
Verotika,United States,Horror,21500000.0,0,No Trailer
A Winter Princess,United States,Drama,21500000.0,0,No Trailer
Winter Love Story,United States,Drama,21500000.0,0,No Trailer
Amityville Island,United States,Documentary,21500000.0,0,No Trailer
Fit to Kill,United States,Action,21500000.0,0,No Trailer
Legacy of Lies,United States,Thriller/Suspense,21500000.0,0,No Trailer
The Last Beyond,United States,Western,21500000.0,0,No Trailer
Bad Therapy,United States,Comedy,21500000.0,0,No Trailer
International Falls,United States,Black Comedy,21500000.0,0,No Trailer
The Grand Bizarre,United States,Documentary,21500000.0,0,No Trailer
Witness to Murder: A Darrow Mystery,United States,Drama,21500000.0,0,No Trailer
Rome in Love,United States,Drama,21500000.0,0,No Trailer
One Child Left Behind: The APS Teaching Scandal,United States,Documentary,21500000.0,0,No Trailer
Rewind,United States,Documentary,21500000.0,0,No Trailer
Uncorked,United States,Drama,21500000.0,0,No Trailer
Cabal,United States,Action,21500000.0,0,No Trailer
The Inventor: Out for Blood in Silicon Valley,United States,Documentary,21500000.0,0,No Trailer
She Dies Tomorrow,United States,Comedy,21500000.0,0,No Trailer
Dangerous Lies,United States,Educational,21500000.0,0,No Trailer
Welcome to Sudden Death,United States,Action,21500000.0,0,No Trailer
Circus of Books,United States,Documentary,21500000.0,0,No Trailer
A Secret Love,United States,Documentary,21500000.0,0,No Trailer
Murder to Mercy: The Cyntoia Brown Story,United States,Documentary,21500000.0,0,No Trailer
Coachella: 20 Years in the Desert,United States,Documentary,21500000.0,0,No Trailer
Mother’s Little Helpers,United States,Comedy,21500000.0,0,No Trailer
Porno,United States,Comedy,21500000.0,0,No Trailer
My Darling Vivian,United States,Documentary,21500000.0,0,No Trailer
Finding Yingying,United States,Documentary,21500000.0,0,No Trailer
Red Heaven,United States,Documentary,21500000.0,0,No Trailer
Tomboy,United States,Documentary,21500000.0,0,No Trailer
What’s My Name: Muhammad Ali,United States,Documentary,21500000.0,0,No Trailer
The 420 Movie,United States,Comedy,21500000.0,0,No Trailer
The Haunting of Grady Farm,United States,Horror,21500000.0,0,No Trailer
Z-O-M-B-I-E-S 2,United States,Musical,21500000.0,0,No Trailer
One Nation Under Stress,United States,Documentary,21500000.0,0,No Trailer
Dead by Dawn,United States,Horror,21500000.0,0,No Trailer
The Donut King,United States,Documentary,21500000.0,0,No Trailer
"The Nuns, the Priests, and the Bombs",United States,Documentary,21500000.0,0,No Trailer
"While You Live, Shine","Greece,Ireland,United States",Documentary,21500000.0,0,No Trailer
A Celebration of the Music from Coco,United States,Concert/Performance,21500000.0,0,No Trailer
Diving With Dolphins,United States,Documentary,21500000.0,0,No Trailer
Disneynature Penguins: Life on the Edge,United States,Documentary,21500000.0,0,No Trailer
Secret Society of Second Born Royals,United States,Adventure,21500000.0,0,No Trailer
In the Footsteps of Elephant,United States,Documentary,21500000.0,0,No Trailer
Freeland,United States,Drama,21500000.0,0,No Trailer
Before the Fire,United States,Action,21500000.0,0,No Trailer
The Half of It,United States,Romantic Comedy,21500000.0,0,No Trailer
Have a Good Trip: Adventures in Psychedelics,United States,Documentary,21500000.0,0,No Trailer
Spelling the Dream,United States,Documentary,21500000.0,0,No Trailer
More Beautiful for Having Been Broken,United States,Drama,21500000.0,0,No Trailer
40: The Temptation of Christ,United States,Drama,21500000.0,0,No Trailer
One of the Good Ones,United States,Drama,21500000.0,0,No Trailer
LA Originals,"Argentina,United States",Documentary,21500000.0,0,No Trailer
Max Reload and the Nether Blasters,United States,Adventure,21500000.0,0,No Trailer
The American Nurse,United States,Documentary,21500000.0,0,No Trailer
The Mercenary,United States,Action,21500000.0,0,No Trailer
The Wrong Missy,United States,Comedy,21500000.0,0,No Trailer
The Sound of the Wind,United States,Thriller/Suspense,21500000.0,0,No Trailer
The Fittest,United States,Documentary,21500000.0,0,No Trailer
It Started As a Joke,United States,Documentary,21500000.0,0,No Trailer
Agony,United States,Thriller/Suspense,21500000.0,0,No Trailer
Nesting Dolls,United States,Thriller/Suspense,21500000.0,0,No Trailer
Carrion,United States,Horror,21500000.0,0,No Trailer
About a Teacher,United States,Drama,21500000.0,0,No Trailer
Close Encounters of the Fifth Kind,United States,Documentary,21500000.0,0,No Trailer
Same Boat,United States,Comedy,21500000.0,0,No Trailer
The Legend of Swee’ Pea,United States,Documentary,21500000.0,0,No Trailer
R#J,United States,Drama,21500000.0,0,No Trailer
Carol of the Bells,United States,Drama,21500000.0,0,No Trailer
Devil’s Night: Dawn of the Nain Rouge,United States,Action,21500000.0,0,No Trailer
Termination,United States,Multiple Genres,21500000.0,0,No Trailer
Guest House,United States,Comedy,21500000.0,0,https://www.the-numbers.com/movie/Guest-House-(2020)#tab=trailer
East Lake Meadows: A Public Housing Story,United States,Documentary,21500000.0,0,No Trailer
A Soldier’s Revenge,United States,Western,21500000.0,0,No Trailer
The Scheme,United States,Documentary,21500000.0,0,No Trailer
Women of Troy,United States,Documentary,21500000.0,0,No Trailer
Get Bossy,United States,Comedy,21500000.0,0,No Trailer
Braking For Whales,United States,Comedy,21500000.0,0,No Trailer
Nemesis,United States,Documentary,21500000.0,0,No Trailer
Tijuana Jackson: Purpose Over Prison,United States,Comedy,21500000.0,0,No Trailer
Ms. White Light,United States,Comedy,21500000.0,0,No Trailer
Blood & Flesh: The Reel Life & Ghastly Death of Al Adamson,United States,Documentary,21500000.0,0,No Trailer
Nathan’s Kingdom,United States,Adventure,21500000.0,0,No Trailer
The Long Shadow,United States,Thriller/Suspense,21500000.0,0,No Trailer
Man Camp,United States,Comedy,21500000.0,0,No Trailer
Talking About Adultery,"Czech Republic,Germany,Italy,Maldives,Netherlands,United Republic of Tanzania,Turkey,United Kingdom,United States",Documentary,21500000.0,0,No Trailer
Pigeon Kings,United States,Documentary,21500000.0,0,No Trailer
Murder in the Front Row: The San Francisco Bay Area Thrash Metal Story,United States,Documentary,21500000.0,0,No Trailer
Planet of the Humans,United States,Documentary,21500000.0,0,No Trailer
Ovid and the Art of Love,United States,Drama,21500000.0,0,No Trailer
SHEPHERD: The Story of a Jewish Dog,United States,Drama,21500000.0,0,No Trailer
Father Soldier Son,United States,Documentary,21500000.0,0,No Trailer
The Swing of Things,United States,Comedy,21500000.0,0,No Trailer
Dennis and Lois,"United Kingdom,United States",Documentary,21500000.0,0,No Trailer
The Incoherents,United States,Comedy,21500000.0,0,No Trailer
Vanilla,United States,Comedy,21500000.0,0,No Trailer
Bit,United States,Comedy,21500000.0,0,No Trailer
Eating Up Easter,"Chile,United States",Documentary,21500000.0,0,No Trailer
Never Stop Dreaming: The Life and Legacy of Shimon Peres,United States,Documentary,21500000.0,0,No Trailer
Becoming,United States,Documentary,21500000.0,0,No Trailer
Distiller,United States,Thriller/Suspense,21500000.0,0,No Trailer
Fat Fiction,United States,Documentary,21500000.0,0,No Trailer
The Girls of Summer,United States,Drama,21500000.0,0,No Trailer
God Send,United States,Drama,21500000.0,0,No Trailer
Hard Plastic,United States,Comedy,21500000.0,0,No Trailer
I Want to Believe,United States,Documentary,21500000.0,0,No Trailer
The Dark Red,United States,Horror,21500000.0,0,No Trailer
"The Bronx, USA",United States,Documentary,21500000.0,0,No Trailer
Debt Collectors,United States,Action,21500000.0,0,No Trailer
Superman: Man of Tomorrow,United States,Action,21500000.0,0,No Trailer
LEGO DC: Shazam — Magic & Monsters,United States,Action,21500000.0,0,No Trailer
Star Light,United States,Thriller/Suspense,21500000.0,0,No Trailer
Crshd,United States,Comedy,21500000.0,0,No Trailer
Betta Fish,United States,Drama,21500000.0,0,No Trailer
A Deadly Legend,United States,Horror,21500000.0,0,No Trailer
"Exorcism at 60,000 Feet",United States,Comedy,21500000.0,0,No Trailer
The House in Between,United States,Documentary,21500000.0,0,No Trailer
Shred America,United States,Documentary,21500000.0,0,No Trailer
Becoming,United States,Thriller/Suspense,21500000.0,0,No Trailer
Home by Spring,United States,Drama,21500000.0,0,No Trailer
Out of My Head,United States,Documentary,21500000.0,0,No Trailer
Accommodations,United States,Comedy,21500000.0,0,No Trailer
Stop,United States,Documentary,21500000.0,0,No Trailer
Chris D’Elia: No Pain,United States,Concert/Performance,21500000.0,0,No Trailer
Patton Oswalt: I Love Everything,United States,Concert/Performance,21500000.0,0,No Trailer
Tom Segura: Ball Hog,United States,Concert/Performance,21500000.0,0,No Trailer
Jerry Seinfeld: 23 Hours To Kill,United States,Concert/Performance,21500000.0,0,No Trailer
All for Nikki,United States,Comedy,21500000.0,0,No Trailer
The Voices,United States,Horror,21500000.0,0,No Trailer
Penance Lane,United States,Horror,21500000.0,0,No Trailer
Rulon Gardner Won’t Die,United States,Documentary,21500000.0,0,No Trailer
The Iron Hammer,"China,Italy,United States",Documentary,21500000.0,0,No Trailer
Ben Platt: Live From Radio City Music Hall,United States,Concert/Performance,21500000.0,0,No Trailer
Athlete A,United States,Documentary,21500000.0,0,No Trailer
A Clear Shot,United States,Drama,21500000.0,0,No Trailer
Greatland,United States,Documentary,21500000.0,0,No Trailer
Driven,United States,Comedy,21500000.0,0,No Trailer
Broil,United States,Horror,21500000.0,0,No Trailer
Break Even,United States,Action,21500000.0,0,No Trailer
Here Awhile,United States,Drama,21500000.0,0,No Trailer
The Ballad of Don Lewis,United States,Documentary,21500000.0,0,No Trailer
Weird Fiction,United States,Horror,21500000.0,0,No Trailer
The Dallas Connection,United States,Action,21500000.0,0,No Trailer
Deep Blue Sea 3,United States,Horror,21500000.0,0,No Trailer
Mighty Oak,United States,Comedy,21500000.0,0,No Trailer
Indigo Valley,"United Kingdom,United States",Thriller/Suspense,21500000.0,0,No Trailer
Union Bridge,United States,Thriller/Suspense,21500000.0,0,No Trailer
Finding Eden,United States,Thriller/Suspense,21500000.0,0,No Trailer
Love to the Rescue,United States,Drama,21500000.0,0,No Trailer
Forever in My Heart,United States,Drama,21500000.0,0,No Trailer
The Social Ones,United States,Comedy,21500000.0,0,No Trailer
American Son,United States,Drama,21500000.0,0,No Trailer
Ninja Cheerleaders,United States,Action,21500000.0,0,No Trailer
The Dalai Lama: Scientist,United States,Documentary,21500000.0,0,No Trailer
The Last Stop,United States,Documentary,21500000.0,0,No Trailer
Land of Little Rivers,United States,Documentary,21500000.0,0,No Trailer
Lil Rel Howery: Live in Crenshaw,United States,Concert/Performance,21500000.0,0,No Trailer
Pretty Smart,United States,Comedy,21500000.0,0,No Trailer
American Trial: The Eric Garner Story,United States,Drama,21500000.0,0,No Trailer
I’m Thinking of Ending Things,United States,Horror,21500000.0,0,No Trailer
Let Them All Talk,United States,Comedy,21500000.0,0,No Trailer
Daddy Issues,"United Kingdom,United States",Romantic Comedy,21500000.0,0,No Trailer
Reflections on the Living Dead,United States,Documentary,21500000.0,0,No Trailer
Pale Blood,United States,Horror,21500000.0,0,No Trailer
The Kissing Booth 2,"United Kingdom,United States",Romantic Comedy,21500000.0,0,No Trailer
The Sit-In: Harry Belafonte Hosts the Tonight Show,United States,Documentary,21500000.0,0,No Trailer
Creating a Character: The Moni Yakim Legacy,United States,Documentary,21500000.0,0,No Trailer
Ya no estoy aqui,"Mexico,United States",Drama,21500000.0,0,No Trailer
Aviva,"France,United States",Drama,21500000.0,0,No Trailer
A Beautiful Place to Die: A Martha’s Vineyard Mystery,"Canada,United States",Drama,21500000.0,0,No Trailer
From Friend to Fiance,"Canada,United States",Drama,21500000.0,0,No Trailer
Code Blue: Redefining the Practice of Medicine,United States,Documentary,21500000.0,0,No Trailer
Girls Just Wanna Have Blood,United States,Comedy,21500000.0,0,No Trailer
Just My Type,United States,Comedy,21500000.0,0,No Trailer
Sniper: Assassin’s End,United States,Action,21500000.0,0,No Trailer
Vigilante: The Incredible True Story of Curtis Sliwa and the Guardian Angels,United States,Documentary,21500000.0,0,No Trailer
Clickbait,United States,Comedy,21500000.0,0,No Trailer
Charlie’s Christmas Wish,United States,Drama,21500000.0,0,No Trailer
Blackjack: The Jackie Ryan Story,United States,Drama,21500000.0,0,No Trailer
My Psychedelic Love Story,United States,Documentary,21500000.0,0,No Trailer
HomoSayWhat: Who’s Pushing Hate,United States,Documentary,21500000.0,0,No Trailer
Madagasikara: The Real Madagascar,United States,Documentary,21500000.0,0,No Trailer
Scare Package,United States,Horror,21500000.0,0,No Trailer
The Short History of the Long Road,United States,Drama,21500000.0,0,No Trailer
Juice: How Electricity Explains The World,"Hong Kong,Iceland,India,Lebanon,Puerto Rico,United States",Documentary,21500000.0,0,No Trailer
Beyond Driven,United States,Documentary,21500000.0,0,No Trailer
Punching and Stealing,United States,Action,21500000.0,0,No Trailer
2 Minutes of Fame,United States,Comedy,21500000.0,0,No Trailer
The Dinner Party,United States,Horror,21500000.0,0,No Trailer
Manchild: The Schea Cotton Story,United States,Documentary,21500000.0,0,No Trailer
Unraveling Athena,United States,Documentary,21500000.0,0,No Trailer
When You Wish Upon a Pickle: A Sesame Street Special,United States,Educational,21500000.0,0,No Trailer
Feral,United States,Thriller/Suspense,21500000.0,0,No Trailer
The Eagle and the Albatross,United States,Comedy,21500000.0,0,No Trailer
The League of Explordinaires,United States,Documentary,21500000.0,0,No Trailer
The Last Bridesmaid,United States,Drama,21500000.0,0,No Trailer
"Love, Take Two",United States,Drama,21500000.0,0,No Trailer
Matching Hearts,United States,Drama,21500000.0,0,No Trailer
Flesh-Eating Mothers,United States,Comedy,21500000.0,0,No Trailer
The Accompanist,United States,Drama,21500000.0,0,No Trailer
Ancestral World,United States,Action,21500000.0,0,No Trailer
From Zero to I Love You,United States,Drama,21500000.0,0,No Trailer
JFK: The Ultimate Conspiracy,United States,Documentary,21500000.0,0,No Trailer
Kylie Jenner: Billion Dollar Baby,United States,Documentary,21500000.0,0,No Trailer
School Spirits,United States,Adventure,21500000.0,0,No Trailer
Uncle Tom,United States,Documentary,21500000.0,0,No Trailer
Ursula von Rydingsvard: Into Her Own,"Italy,United States",Documentary,21500000.0,0,No Trailer
Public Enemy Number One,United States,Documentary,21500000.0,0,No Trailer
Kung Fu Killer,"Canada,United States",Action,21500000.0,0,No Trailer
Christmas in Evergreen: Tidings of Joy,United States,Drama,21500000.0,0,No Trailer
Laddie: The Man Behind the Movies,United States,Documentary,21500000.0,0,No Trailer
Love in the Sun,United States,Drama,21500000.0,0,No Trailer
Hot Times in the Hollywood Hills,United States,Drama,21500000.0,0,No Trailer
Thor: End of Days,United States,Action,21500000.0,0,No Trailer
Desperados,United States,Romantic Comedy,21500000.0,0,No Trailer
Olympia,"Canada,Cyprus,Greece,United States",Documentary,21500000.0,0,No Trailer
Kaye Ballard: The Show Goes On,United States,Documentary,21500000.0,0,No Trailer
Jack & Yaya,United States,Documentary,21500000.0,0,No Trailer
Wake Up: Stories from the Frontlines of Suicide Prevention,United States,Documentary,21500000.0,0,No Trailer
Deadly Crush,United States,Horror,21500000.0,0,No Trailer
Good Kisser,United States,Romantic Comedy,21500000.0,0,No Trailer
Honor Project Documentary,United States,Documentary,21500000.0,0,No Trailer
Finding the Way Home,United States,Documentary,21500000.0,0,No Trailer
Picture a Scientist,United States,Documentary,21500000.0,0,No Trailer
Runner,United States,Documentary,21500000.0,0,No Trailer
Assassin’s Game,United States,Action,21500000.0,0,No Trailer
All In: The Fight for Democracy,United States,Documentary,21500000.0,0,https://www.the-numbers.com/movie/All-In-The-Fight-for-Democracy-(2020)#tab=trailer
Jasper Mall,United States,Documentary,21500000.0,0,No Trailer
Warpath,United States,Western,21500000.0,0,No Trailer
Resistance,"Canada,Denmark,United States",Documentary,21500000.0,0,No Trailer
Eddie Griffin: E-Niggma,United States,Concert/Performance,21500000.0,0,No Trailer
Creem: America’s Only Rock ‘n’ Roll Magazine,United States,Documentary,21500000.0,0,No Trailer
Denise Ho — Becoming the Song,United States,Documentary,21500000.0,0,No Trailer
Working Man,United States,Drama,21500000.0,0,No Trailer
Jimmy Carter: Rock & Roll President,United States,Documentary,21500000.0,0,No Trailer
Universe,United States,Documentary,21500000.0,0,No Trailer
Deany Bean is Dead,United States,Comedy,21500000.0,0,No Trailer
A Ship of Human Skin,United States,Drama,21500000.0,0,No Trailer
Battlefield 2025,United States,Horror,21500000.0,0,No Trailer
Ai Weiwei: Yours Truly,United States,Documentary,21500000.0,0,No Trailer
Those Who Deserve to Die,United States,Horror,21500000.0,0,No Trailer
American Pie Presents: Girls’ Rules,United States,Comedy,21500000.0,0,No Trailer
Project Power,United States,Thriller/Suspense,85100000.0,0,No Trailer
Deathstroke: Knights & Dragons,United States,Action,21500000.0,0,No Trailer
Disarm Hate,United States,Documentary,21500000.0,0,No Trailer
1 Interrogation,United States,Drama,21500000.0,0,No Trailer
Claudia Oshry: Disgraced Queen,United States,Concert/Performance,21500000.0,0,No Trailer
Baby Frankenstein,United States,Comedy,21500000.0,0,No Trailer
People Power: The Rise of The Civilian Rescue Movement,United States,Documentary,21500000.0,0,No Trailer
Lights in the Sky,United States,Documentary,21500000.0,0,No Trailer
Black Magic for White Boys,United States,Comedy,21500000.0,0,No Trailer
Alone Wolf,United States,Thriller/Suspense,21500000.0,0,No Trailer
Lection,United States,Thriller/Suspense,21500000.0,0,No Trailer
Love on Iceland,"Iceland,United States",Romantic Comedy,21500000.0,0,No Trailer
Superhuman: The Invisible Made Visible,United States,Documentary,21500000.0,0,No Trailer
Aliens & Hippies,United States,Documentary,21500000.0,0,No Trailer
Eddie Pepitone: For the Masses,United States,Concert/Performance,21500000.0,0,No Trailer
Top Gunner,United States,Action,21500000.0,0,No Trailer
Our Bodies Our Doctors,United States,Documentary,21500000.0,0,No Trailer
The Medicine,United States,Documentary,21500000.0,0,No Trailer
Where Sleeping Dogs Lie,United States,Black Comedy,21500000.0,0,No Trailer
George Lopez: We’ll Do It For Half,United States,Concert/Performance,21500000.0,0,No Trailer
The Blacksmith,United States,Thriller/Suspense,21500000.0,0,No Trailer
The Runners,United States,Action,21500000.0,0,No Trailer
Coven,United States,Horror,21500000.0,0,No Trailer
Decade of Fire,United States,Documentary,21500000.0,0,No Trailer
The Grand Unified Theory of Howard Bloom,United States,Documentary,21500000.0,0,No Trailer
InstaBAND,United States,Documentary,21500000.0,0,No Trailer
Jim Gaffigan: The Pale Tourist,United States,Concert/Performance,21500000.0,0,No Trailer
Ski Bum: The Warren Miller Story,United States,Documentary,21500000.0,0,No Trailer
Incident at Guilt Ridge,United States,Western,21500000.0,0,No Trailer
The Lurker,United States,Horror,21500000.0,0,No Trailer
Skyman,United States,Drama,21500000.0,0,No Trailer
Black Hearted Killer,United States,Drama,21500000.0,0,No Trailer
"I, Pastafari: A Flying Spaghetti Monster Story","Netherlands,United States",Documentary,21500000.0,0,No Trailer
Good Friday,United States,Drama,21500000.0,0,No Trailer
The Amityville Harvest,United States,Horror,21500000.0,0,No Trailer
The F**k-It List,United States,Comedy,21500000.0,0,No Trailer
Blessed Child,United States,Documentary,21500000.0,0,No Trailer
The Stand: How One Gesture Shook The World,United States,Documentary,21500000.0,0,No Trailer
Gripped: Climbing The Killer Pillar,United States,Action,21500000.0,0,No Trailer
A Life of Endless Summers: The Bruce Brown Story,United States,Documentary,21500000.0,0,No Trailer
Sebastian Maniscalco Presents Pat McGann When’s Mom Gonna Be Home,United States,Concert/Performance,21500000.0,0,No Trailer
Jim Jefferies: Intolerant,United States,Concert/Performance,21500000.0,0,No Trailer
Animation Outlaws,United States,Documentary,21500000.0,0,No Trailer
Two Ways to Go West,United States,Drama,21500000.0,0,No Trailer
Parts Unknown,United States,Horror,21500000.0,0,No Trailer
Forgiven,United States,Drama,21500000.0,0,No Trailer
Momo: The Missouri Monster,United States,Horror,21500000.0,0,No Trailer
American Tragedy,United States,Documentary,21500000.0,0,No Trailer
The Bray Road Beast,United States,Documentary,21500000.0,0,No Trailer
A Most Beautiful Thing,United States,Documentary,21500000.0,0,No Trailer
Browse,United States,Horror,21500000.0,0,No Trailer
DIVOS!,United States,Comedy,21500000.0,0,No Trailer
"Harry Chapin: When in Doubt, Do Something",United States,Documentary,21500000.0,0,No Trailer
Hubie Halloween,United States,Comedy,21500000.0,0,No Trailer
The Swan Princess: A Royal Wedding,United States,Adventure,21500000.0,0,No Trailer
"Faster, Cheaper, Better",United States,Drama,21500000.0,0,No Trailer
Ode to Passion,United States,Musical,21500000.0,0,No Trailer
L.E.T.H.A.L Ladies: Return to Savage Beach,United States,Action,21500000.0,0,No Trailer
Day of the Warrior,United States,Thriller/Suspense,21500000.0,0,No Trailer
Boiled Angels: The Trial of Mike Diana,United States,Documentary,21500000.0,0,No Trailer
Magical Reef: The Islands of the Four Kings,United States,Documentary,21500000.0,0,No Trailer
Coronavirus: The Conspiracies,United States,Documentary,21500000.0,0,No Trailer
Useless Humans,United States,Adventure,21500000.0,0,No Trailer
Sailing Into Love,United States,Drama,21500000.0,0,No Trailer
Jay Mohr: American Treasure,United States,Concert/Performance,21500000.0,0,No Trailer
Easy Does It,United States,Comedy,21500000.0,0,No Trailer
Joel McHale: Live From Pyongyang,United States,Concert/Performance,21500000.0,0,No Trailer
Girlfriends Reunited,United States,Comedy,21500000.0,0,No Trailer
Where in the Hell is the Lavender House: The Longmont Potion Castle Story,"Canada,Norway,United Kingdom,United States",Documentary,21500000.0,0,No Trailer
Alone,United States,Thriller/Suspense,21500000.0,0,No Trailer
Getting It,United States,Drama,21500000.0,0,No Trailer
One Night in Bangkok,United States,Action,21500000.0,0,No Trailer
Lake Michigan Monster,United States,Adventure,21500000.0,0,No Trailer
All Summer Long,"Canada,United States",Drama,21500000.0,0,No Trailer
De Lo Mio,United States,Drama,21500000.0,0,No Trailer
Black is King,United States,Musical,21500000.0,0,https://www.the-numbers.com/movie/Black-is-King-(2020)#tab=trailer
Uncle Peckerhead,United States,Comedy,21500000.0,0,No Trailer
Terror in the Skies,United States,Horror,21500000.0,0,No Trailer
A Christmas Love Story,United States,Drama,21500000.0,0,No Trailer
Hard Kill,United States,Action,21500000.0,0,No Trailer
Christmas at the Plaza,United States,Drama,21500000.0,0,No Trailer
Tales From the Hood 3,United States,Horror,21500000.0,0,No Trailer
Paydirt,United States,Action,21500000.0,0,No Trailer
Fireball: Visitors from Darker Worlds,"Austria,United Kingdom,United States",Documentary,21500000.0,0,No Trailer
Opus of an Angel,United States,Drama,21500000.0,0,No Trailer
One Vote,United States,Documentary,21500000.0,0,No Trailer
Generation Iron: Natty 4 Life,United States,Documentary,21500000.0,0,No Trailer
The Blech Effect,United States,Documentary,21500000.0,0,No Trailer
Monstrous,United States,Horror,21500000.0,0,No Trailer
Senior Love Triangle,United States,Comedy,21500000.0,0,No Trailer
Love Flower,United States,Comedy,21500000.0,0,No Trailer
Pearl,United States,Drama,21500000.0,0,No Trailer
American Street Kid,United States,Documentary,21500000.0,0,No Trailer
When Icarus Fell,United States,Drama,21500000.0,0,No Trailer
Hunter’s Creed,United States,Drama,21500000.0,0,No Trailer
You Never Had It: An Evening With Bukowski,"Italy,Mexico,United States",Documentary,21500000.0,0,No Trailer
The Silent Natural,United States,Drama,21500000.0,0,No Trailer
Spontaneous,United States,Black Comedy,21500000.0,0,https://www.the-numbers.com/movie/Spontaneous-(2020)#tab=trailer
The Answer,United States,Action,21500000.0,0,No Trailer
Driven to Abstraction,United States,Documentary,21500000.0,0,No Trailer
Residue,United States,Drama,21500000.0,0,No Trailer
Hannibal Thompson: Out of Control,United States,Concert/Performance,21500000.0,0,No Trailer
Aliens Stole My Body,United States,Adventure,21500000.0,0,No Trailer
The Captive Nanny,United States,Thriller/Suspense,21500000.0,0,No Trailer
Couples of Wife Carrying,United States,Comedy,21500000.0,0,No Trailer
The Endless Season,United States,Documentary,21500000.0,0,No Trailer
Love Under the Rainbow,United States,Drama,21500000.0,0,No Trailer
The Killing Secret,United States,Thriller/Suspense,21500000.0,0,No Trailer
Leaps of Faiths,United States,Documentary,21500000.0,0,No Trailer
Howard,United States,Documentary,21500000.0,0,No Trailer
The Secret Ingredient,United States,Romantic Comedy,21500000.0,0,No Trailer
Star Wars Galaxy’s Edge: Adventure Awaits,United States,Documentary,21500000.0,0,No Trailer
Represent,United States,Documentary,21500000.0,0,No Trailer
Rook.,United States,Comedy,21500000.0,0,No Trailer
Accidental Climber,United States,Documentary,21500000.0,0,No Trailer
Stuntwomen: The Untold Hollywood Story,United States,Documentary,21500000.0,0,No Trailer
"Happy Halloween, Scooby-Doo!",United States,Adventure,21500000.0,0,No Trailer
Jim Gaffigan: Quality Time,United States,Concert/Performance,21500000.0,0,No Trailer
The Honeymoon Phase,United States,Thriller/Suspense,21500000.0,0,No Trailer
Code of the Freaks,United States,Documentary,21500000.0,0,No Trailer
Sam Jay: 3 in the Morning,United States,Concert/Performance,21500000.0,0,No Trailer
"Rob Schneider: Asian Momma, Mexican Kids",United States,Concert/Performance,21500000.0,0,No Trailer
The Sleepover,United States,Adventure,21500000.0,0,No Trailer
All Together Now,United States,Drama,21500000.0,0,No Trailer
The Princess Switch: Switched Again,United States,Comedy,21500000.0,0,No Trailer
Tremors: Shrieker Island,United States,Action,21500000.0,0,No Trailer
The Dark End of the Street,United States,Drama,21500000.0,0,No Trailer
Skin: A History of Nudity in the Movies,United States,Documentary,21500000.0,0,No Trailer
DieRy,United States,Thriller/Suspense,21500000.0,0,No Trailer
Jay Sebring....Cutting to the Truth,United States,Documentary,21500000.0,0,No Trailer
Imitating Life — The Audacity of Suzanne Heintz,United States,Documentary,21500000.0,0,No Trailer
Battle Scars,United States,Action,21500000.0,0,No Trailer
Bobby Slayton: Born to Be Bobby,United States,Concert/Performance,21500000.0,0,No Trailer
You Cannot Kill David Arquette,United States,Documentary,21500000.0,0,No Trailer
Ballbuster,United States,Comedy,21500000.0,0,No Trailer
Stars and Strife,United States,Documentary,21500000.0,0,No Trailer
Malibu Rescue: The Next Wave,United States,Adventure,21500000.0,0,No Trailer
The Garden Left Behind,United States,Drama,21500000.0,0,No Trailer
Tom of Your Life,United States,Comedy,21500000.0,0,No Trailer
She’s in Portland,United States,Comedy,21500000.0,0,No Trailer
Notzilla,United States,Comedy,21500000.0,0,No Trailer
Open 24 Hours,United States,Horror,21500000.0,0,No Trailer
Cannibal Corpse Killers,United States,Horror,21500000.0,0,No Trailer
Whitmer Thomas: The Golden One,United States,Concert/Performance,21500000.0,0,No Trailer
Pretending I’m a Superman: The Tony Hawk Video Game Story,United States,Documentary,21500000.0,0,No Trailer
Range Runners,United States,Thriller/Suspense,21500000.0,0,No Trailer
Wheels,United States,Drama,21500000.0,0,No Trailer
My Name is Pedro,"Haiti,United States",Documentary,21500000.0,0,No Trailer
Inez & Doug & Kira,United States,Drama,21500000.0,0,No Trailer
Naughty Books,United States,Documentary,21500000.0,0,No Trailer
Treason,United States,Comedy,21500000.0,0,No Trailer
Blue Ridge,United States,Action,21500000.0,0,No Trailer
DC Noir,United States,Action,21500000.0,0,No Trailer
Last Shot,United States,Drama,21500000.0,0,No Trailer
Alonzo Bodden: Heavy Lightweight,United States,Concert/Performance,21500000.0,0,No Trailer
Camp Arrowhead,United States,Drama,21500000.0,0,No Trailer
Nature of Love,United States,Romantic Comedy,21500000.0,0,No Trailer
Blind,United States,Horror,21500000.0,0,No Trailer
Razilee and Elijah: Part 2,United States,Documentary,21500000.0,0,No Trailer
Cruiser,United States,Horror,21500000.0,0,No Trailer
"Life’s a Bitch, Then You Die",United States,Documentary,21500000.0,0,No Trailer
Evil Under the Skin,United States,Horror,21500000.0,0,No Trailer
Beckman,United States,Action,21500000.0,0,No Trailer
Dragon Soldiers,United States,Action,21500000.0,0,No Trailer
CBD Nation,United States,Documentary,21500000.0,0,No Trailer
Monster Hunters,United States,Action,21500000.0,0,No Trailer
Chaos on the Bridge,United States,Documentary,21500000.0,0,No Trailer
Breaking the Chain,United States,Documentary,21500000.0,0,No Trailer
12 Days of Christmas,United States,Comedy,21500000.0,0,No Trailer
Everyday Miracles,United States,Drama,21500000.0,0,No Trailer
Odd Man Rush,United States,Drama,21500000.0,0,No Trailer
Eddie Pence’s (Un)Special Comedy Special,United States,Concert/Performance,21500000.0,0,No Trailer
Lebron James: King of the Court,United States,Documentary,21500000.0,0,No Trailer
Pearl in Paradise,"Fiji,United States",Romantic Comedy,21500000.0,0,No Trailer
The Last White Man,United States,Drama,21500000.0,0,No Trailer
The Argument,United States,Comedy,21500000.0,0,No Trailer
Attack of the Unknown,United States,Action,21500000.0,0,No Trailer
Gatsby in Connecticut: The Untold Story,United States,Documentary,21500000.0,0,No Trailer
The Ringmaster,United States,Documentary,21500000.0,0,No Trailer
William Shatner’s Gonzo Ballet,United States,Documentary,21500000.0,0,No Trailer
Flying V,United States,Documentary,21500000.0,0,No Trailer
Taboo 2: The Unspeakable Act,United States,Drama,21500000.0,0,No Trailer
Fishing with Dynamite,United States,Documentary,21500000.0,0,No Trailer
An Imperfect Murder,United States,Drama,21500000.0,0,No Trailer
The Opening Act,United States,Comedy,21500000.0,0,No Trailer
The Dark Divide,United States,Adventure,21500000.0,0,No Trailer
The Boss Baby: Get That Baby!,United States,Adventure,21500000.0,0,No Trailer
"Love, Fall & Order",United States,Romantic Comedy,21500000.0,0,No Trailer
The Standard,United States,Documentary,21500000.0,0,No Trailer
Nail in the Coffin: The Fall and Rise of Vampiro,"Canada,Mexico,United States",Documentary,21500000.0,0,No Trailer
Killer Therapy,United States,Horror,21500000.0,0,No Trailer
City Hall,United States,Documentary,21500000.0,0,No Trailer
American Murder: The Family Next Door,United States,Documentary,21500000.0,0,No Trailer
Redwood Massacre: Annihilation,United States,Horror,21500000.0,0,No Trailer
Up on the Glass,United States,Thriller/Suspense,21500000.0,0,No Trailer
Gather,United States,Documentary,21500000.0,0,No Trailer
Ride Scare,United States,Horror,21500000.0,0,No Trailer
The Clark Sisters: First Ladies of Gospel,United States,Documentary,21500000.0,0,No Trailer
One Hour Outcall,United States,Drama,21500000.0,0,No Trailer
This World Won’t Break,United States,Musical,21500000.0,0,No Trailer
10/31 Part 2,United States,Horror,21500000.0,0,No Trailer
Lift,United States,Comedy,21500000.0,0,No Trailer
And Then You Die,United States,Horror,21500000.0,0,No Trailer
The Babysitter: Killer Queen,United States,Black Comedy,21500000.0,0,No Trailer
Hope Frozen,"Thailand,United States",Documentary,21500000.0,0,No Trailer
Michael McIntyre: Showman,United States,Concert/Performance,21500000.0,0,No Trailer
Then Came You,United States,Romantic Comedy,21500000.0,0,No Trailer
The Swerve,United States,Drama,21500000.0,0,No Trailer
Monster Force Zero,United States,Adventure,21500000.0,0,No Trailer
Monochrome: The Chromism,United States,Action,21500000.0,0,No Trailer
American Woman,"Canada,United States",Drama,21500000.0,0,No Trailer
Sinfidelity,United States,Thriller/Suspense,21500000.0,0,No Trailer
A Feral World,United States,Horror,21500000.0,0,No Trailer
Lil Ceaser,United States,Drama,21500000.0,0,No Trailer
The Place of No Words,United States,Drama,21500000.0,0,No Trailer
Myth of a Colorblind France,United States,Documentary,21500000.0,0,No Trailer
Chop Chop,United States,Comedy,21500000.0,0,No Trailer
Souvenirs,United States,Thriller/Suspense,21500000.0,0,No Trailer
Nemesis,United States,Thriller/Suspense,21500000.0,0,No Trailer
Kill Chain: The Cyber War on America’s Elections,United States,Documentary,21500000.0,0,No Trailer
All Roads to Pearla,United States,Thriller/Suspense,21500000.0,0,No Trailer
915,United States,Documentary,21500000.0,0,No Trailer
Anonymous Killers,United States,Horror,21500000.0,0,No Trailer
Ouija Mummy,United States,Horror,21500000.0,0,No Trailer
The Dead Ones,United States,Horror,21500000.0,0,No Trailer
Neon Days,United States,Drama,21500000.0,0,No Trailer
Stealing a Survivor,United States,Comedy,21500000.0,0,No Trailer
Alien Dominion: Majestic 12,United States,Documentary,21500000.0,0,No Trailer
Hóllyweird,United States,Comedy,21500000.0,0,No Trailer
Don’t Look Back,United States,Horror,21500000.0,0,No Trailer
Killian & the Comeback Kids,United States,Drama,21500000.0,0,No Trailer
The Disrupted,United States,Documentary,21500000.0,0,No Trailer
How to Fix a Primary,United States,Documentary,21500000.0,0,No Trailer
Nationtime,United States,Documentary,21500000.0,0,No Trailer
Fishbowl,United States,Drama,21500000.0,0,No Trailer
Sno Babies,United States,Drama,21500000.0,0,No Trailer
Princess of the Row,United States,Drama,21500000.0,0,No Trailer
bOObs: The War on Women’s Breasts,United States,Documentary,21500000.0,0,No Trailer
Pizza: A Love Story,United States,Documentary,21500000.0,0,No Trailer
Conjuring the Devil,United States,Horror,21500000.0,0,No Trailer
Daddy’s Girl,United States,Horror,21500000.0,0,No Trailer
Seniors: A Dogumentary,United States,Documentary,21500000.0,0,No Trailer
Cruel Jaws,"Italy,United States",Horror,21500000.0,0,No Trailer
Caretakers,United States,Thriller/Suspense,21500000.0,0,No Trailer
A California Christmas,United States,Romantic Comedy,21500000.0,0,No Trailer
Guitar Man,United States,Documentary,21500000.0,0,No Trailer
The Never List,United States,Drama,21500000.0,0,No Trailer
The Great Fellove,"Cuba,Mexico,United States",Documentary,21500000.0,0,No Trailer
Landline,United States,Comedy,21500000.0,0,No Trailer
Herb Alpert Is…,United States,Documentary,21500000.0,0,No Trailer
Holding These Moments,United States,Documentary,21500000.0,0,No Trailer
Kingdom of Silence,United States,Documentary,21500000.0,0,No Trailer
Once Upon a River,United States,Drama,21500000.0,0,No Trailer
Fly Like a Girl,United States,Documentary,21500000.0,0,No Trailer
Switched,United States,Comedy,21500000.0,0,No Trailer
They Live Inside Us,United States,Horror,21500000.0,0,No Trailer
The World is Full of Secrets,United States,Horror,21500000.0,0,No Trailer
Interreflections,United States,Documentary,21500000.0,0,No Trailer
Picture a Perfect Christmas,United States,Drama,21500000.0,0,No Trailer
It’s Beginning to Look a Lot Like Christmas,United States,Comedy,21500000.0,0,No Trailer
Finger,United States,Comedy,21500000.0,0,No Trailer
Ben 10 vs. the Universe: The Movie,United States,Adventure,21500000.0,0,No Trailer
Borat Subsequent Moviefilm,"United Kingdom,United States",Comedy,21500000.0,0,No Trailer
Coming Home Again,"Republic of Korea,United States",Drama,21500000.0,0,No Trailer
Sister of the Groom,United States,Comedy,21500000.0,0,No Trailer
Christmas on the Square,United States,Musical,21500000.0,0,No Trailer
Trumphobia: What Both Sides Fear,United States,Documentary,21500000.0,0,No Trailer
Direct to Video: Straight to Video Horror of the 90s,United States,Documentary,21500000.0,0,No Trailer
The Wall of Mexico,"Mexico,United States",Comedy,21500000.0,0,No Trailer
Killer Weekend,United States,Thriller/Suspense,21500000.0,0,No Trailer
The Last Exorcist,United States,Thriller/Suspense,21500000.0,0,No Trailer
"Win, Lose, or Draw Straws",United States,Documentary,21500000.0,0,No Trailer
The Special,United States,Horror,21500000.0,0,No Trailer
A Christmas Miracle,United States,Drama,21500000.0,0,No Trailer
Confessional,United States,Horror,21500000.0,0,No Trailer
Double Holiday,United States,Drama,21500000.0,0,No Trailer
Love Travel,United States,Comedy,21500000.0,0,No Trailer
Antarctica,United States,Romantic Comedy,21500000.0,0,No Trailer
Climate of the Hunter,United States,Horror,21500000.0,0,No Trailer
Ainu Mosir,"China,Japan,United States",Drama,21500000.0,0,No Trailer
Evil Eye,United States,Thriller/Suspense,21500000.0,0,No Trailer
Samudra Manthan,"India,United States",Documentary,21500000.0,0,No Trailer
Coastal Elites,United States,Documentary,21500000.0,0,No Trailer
It’s Just a Game,United States,Horror,21500000.0,0,No Trailer
Mimesis: Nosferatu,United States,Horror,21500000.0,0,No Trailer
Toys of Terror,United States,Horror,21500000.0,0,No Trailer
Operation Christmas Drop,United States,Romantic Comedy,21500000.0,0,No Trailer
Linda and the Mockingbirds,United States,Documentary,21500000.0,0,No Trailer
"Me, My Dog, And I",United States,Documentary,21500000.0,0,No Trailer
Rescue Me,United States,Documentary,21500000.0,0,No Trailer
After So Many Days,United States,Documentary,21500000.0,0,No Trailer
Bobbleheads: The Movie,United States,Adventure,21500000.0,0,No Trailer
Dual Mania,United States,Thriller/Suspense,21500000.0,0,https://www.the-numbers.com/movie/Dual-Mania-(2020)#tab=trailer
American Selfie: One Nation Shoots Itself,United States,Documentary,21500000.0,0,No Trailer
Radium Girls,United States,Drama,21500000.0,0,No Trailer
The Last Sermon,United States,Documentary,21500000.0,0,No Trailer
A Place Among the Dead,United States,Horror,21500000.0,0,No Trailer
Lennox Lewis: The Untold Story,United States,Documentary,21500000.0,0,No Trailer
Weedjies: Hallowed Night,United States,Comedy,21500000.0,0,No Trailer
Christmas at Dollywood,United States,Drama,21500000.0,0,No Trailer
Christmas in Rome,United States,Drama,21500000.0,0,No Trailer
Christmas Town,United States,Drama,21500000.0,0,No Trailer
Wild Daze,United States,Documentary,21500000.0,0,No Trailer
Hollow Scream,United States,Horror,21500000.0,0,No Trailer
Cold Light of Day,United States,Horror,21500000.0,0,No Trailer
Memorial Valley Massacre,United States,Horror,21500000.0,0,No Trailer
Crackhouse Of The Dead,United States,Horror,21500000.0,0,No Trailer
The Power of Movement,United States,Documentary,21500000.0,0,No Trailer
Mayor,"United Kingdom,United States",Documentary,21500000.0,0,No Trailer
Secrets of the Saqqara Tomb,"Egypt,United States",Documentary,21500000.0,0,No Trailer
Books of Blood,United States,Horror,21500000.0,0,No Trailer
Quiet Explosions: Healing the Brain,United States,Documentary,21500000.0,0,No Trailer
Chuck Berry — The Original King of Rock N Roll,United States,Documentary,21500000.0,0,No Trailer
The Spongebob Musical: Live on Stage!,United States,Concert/Performance,21500000.0,0,No Trailer
Cicada!,United States,Comedy,21500000.0,0,No Trailer
Midnight Devils,United States,Horror,21500000.0,0,No Trailer
Shuttlecock,United States,Thriller/Suspense,21500000.0,0,No Trailer
Writer’s Block,United States,Thriller/Suspense,21500000.0,0,No Trailer
Christmas in Montana,United States,Drama,21500000.0,0,No Trailer
A Family Christmas Gift,United States,Drama,21500000.0,0,No Trailer
Battle of the Bulge: Winter War,United States,Action,21500000.0,0,No Trailer
Dark Figures,United States,Horror,21500000.0,0,No Trailer
Upside-Down Magic,"Canada,United States",Adventure,21500000.0,0,No Trailer
Faith Under Fire,United States,Drama,21500000.0,0,No Trailer
The Reason,United States,Drama,21500000.0,0,No Trailer
Call Me Brother,United States,Romantic Comedy,21500000.0,0,No Trailer
18 to Party,United States,Comedy,21500000.0,0,No Trailer
Where She Lies,United States,Documentary,21500000.0,0,No Trailer
Maybe Next Year,United States,Documentary,21500000.0,0,No Trailer
My Summer as a Goth,United States,Drama,21500000.0,0,No Trailer
Dead Reckoning,United States,Thriller/Suspense,21500000.0,0,No Trailer
1 Night in San Diego,United States,Comedy,21500000.0,0,No Trailer
Saul and Ruby’s Holocaust Survivor Band,United States,Documentary,21500000.0,0,No Trailer
Worst. Christmas. Ever.,United States,Comedy,21500000.0,0,No Trailer
Darkness in Tenement 45,United States,Horror,21500000.0,0,No Trailer
Christmas Under the Stars,United States,Drama,21500000.0,0,No Trailer
Gutta Mamis: Money Bag Tales,United States,Drama,21500000.0,0,No Trailer
Reindeer Games,United States,Comedy,21500000.0,0,No Trailer
Sun Kissed,United States,Drama,21500000.0,0,No Trailer
Haven’s End,United States,Thriller/Suspense,21500000.0,0,No Trailer
The Wave I Ride,United States,Documentary,21500000.0,0,No Trailer
Major Arcana,United States,Drama,21500000.0,0,No Trailer
Winter in Vail,United States,Drama,21500000.0,0,No Trailer
Holiday for Heroes,United States,Drama,21500000.0,0,No Trailer
The Christmas Club,United States,Drama,21500000.0,0,No Trailer
Recon,United States,Thriller/Suspense,21500000.0,0,No Trailer
Chuck Leavell: The Tree Man,United States,Documentary,21500000.0,0,No Trailer
Colors of Character,United States,Documentary,21500000.0,0,No Trailer
Apocalypse ‘45,United States,Documentary,21500000.0,0,No Trailer
Bad Impulse,United States,Thriller/Suspense,21500000.0,0,No Trailer
The Things They Carried,United States,Drama,21500000.0,0,No Trailer
Alien Xmas,United States,Adventure,21500000.0,0,No Trailer
Entertaining Christmas,United States,Drama,21500000.0,0,No Trailer
Our Christmas Love Song,United States,Drama,21500000.0,0,No Trailer
A Godwink Christmas: Meant for Love,United States,Drama,21500000.0,0,No Trailer
A Homecoming for the Holidays,United States,Drama,21500000.0,0,No Trailer
The Mistletoe Secret,United States,Drama,21500000.0,0,No Trailer
Christmas at Graceland: Home for the Holidays,United States,Drama,21500000.0,0,No Trailer
Where We Go from Here,United States,Drama,21500000.0,0,No Trailer
Phoenix: The Migrant Offshore Aid Station,United States,Drama,21500000.0,0,No Trailer
Tiger,United States,Documentary,21500000.0,0,No Trailer
Cowboys: A Documentary Portrait,United States,Documentary,21500000.0,0,No Trailer
Gap Year,United States,Documentary,21500000.0,0,No Trailer
Trail of Ashes,"Puerto Rico,United States",Documentary,21500000.0,0,No Trailer
Truth is the Only Client: The Official Investigation of the Murder of John F. Kennedy,United States,Documentary,21500000.0,0,No Trailer
Light Years,United States,Adventure,21500000.0,0,No Trailer
Beast Mode,United States,Comedy,21500000.0,0,No Trailer
Minor Premise,United States,Thriller/Suspense,21500000.0,0,No Trailer
Flay,United States,Horror,21500000.0,0,No Trailer
The Farmer and the Belle: Saving Santaland,United States,Comedy,21500000.0,0,No Trailer
The Orange Years: The Nickelodeon Story,United States,Documentary,21500000.0,0,No Trailer
Here Comes Rusty,United States,Comedy,21500000.0,0,No Trailer
Against the Tide: Finding God in an Age of Science,United States,Documentary,21500000.0,0,No Trailer
Feliz NaviDAD,United States,Drama,21500000.0,0,No Trailer
Kevin Hart: Zero F**ks Given,United States,Concert/Performance,21500000.0,0,No Trailer
Mags and Julie Go on a Road Trip.,United States,Comedy,21500000.0,0,No Trailer
Between the World and Me,United States,Documentary,21500000.0,0,No Trailer
Yearly Departed,United States,Comedy,21500000.0,0,No Trailer
Ice House,United States,Thriller/Suspense,21500000.0,0,No Trailer
Talking to God,United States,Comedy,21500000.0,0,No Trailer
If Anything Happens I Love You,United States,Drama,21500000.0,0,No Trailer
Shawn Mendes: In Wonder,United States,Documentary,21500000.0,0,No Trailer
Innocent,United States,Thriller/Suspense,21500000.0,0,No Trailer
The Bloodhound,United States,Horror,21500000.0,0,No Trailer
Witches of Amityville Academy,United States,Horror,21500000.0,0,No Trailer
Love in Winterland,United States,Drama,21500000.0,0,No Trailer
Miniature Wargaming the Movie,"Canada,Norway,Ukraine,United Kingdom,United States",Documentary,21500000.0,0,No Trailer
Alt Space,United States,Thriller/Suspense,21500000.0,0,No Trailer
Alien Ancestors: The Gods of Man,United States,Documentary,21500000.0,0,No Trailer
Ali’s Comeback,United States,Documentary,21500000.0,0,No Trailer
Dirty Fears,United States,Horror,21500000.0,0,No Trailer
Doin’ My Drugs,United States,Documentary,21500000.0,0,No Trailer
The Last Blockbuster,United States,Documentary,21500000.0,0,No Trailer
Best in Class: The Making of a Concours D’Elegance,United States,Documentary,21500000.0,0,No Trailer
Unbelievable!!!!!,United States,Comedy,21500000.0,0,No Trailer
The Christmas Listing,United States,Drama,21500000.0,0,No Trailer
A Beauty and the Beast Christmas,United States,Romantic Comedy,21500000.0,0,No Trailer
Backwoods,United States,Horror,21500000.0,0,No Trailer
The Unbelievable Plight of Mrs. Wright,United States,Documentary,21500000.0,0,No Trailer
Love & Drugs 2,United States,Drama,21500000.0,0,No Trailer
King of Knives,United States,Comedy,21500000.0,0,No Trailer
Sunny Side Up,United States,Comedy,21500000.0,0,No Trailer
76 Days,"China,United States",Documentary,21500000.0,0,No Trailer
The Devil’s Heist,United States,Horror,21500000.0,0,No Trailer
Alabama Snake,United States,Documentary,21500000.0,0,No Trailer
Wendy Williams: The Movie,United States,Drama,21500000.0,0,No Trailer
Angela’s Christmas Wish,United States,Adventure,21500000.0,0,No Trailer
Phffft!,United States,Romantic Comedy,21500000.0,0,No Trailer
Michael Smerconish: Things I Wish I Knew Before I Started Talking,United States,Concert/Performance,21500000.0,0,No Trailer
A Christmas Hero,United States,Drama,21500000.0,0,No Trailer
The Plot Against the President,United States,Documentary,21500000.0,0,No Trailer
Winter Castle,"Canada,United States",Drama,21500000.0,0,No Trailer
Captain Underpants: Mega Blissmas,United States,Comedy,21500000.0,0,No Trailer
Funny Boy,"Canada,United States",Drama,21500000.0,0,No Trailer
Natalie Palamides: Nate - A One Man Show,United States,Concert/Performance,21500000.0,0,No Trailer
Four Games in Fall,United States,Documentary,21500000.0,0,No Trailer
Paint,United States,Black Comedy,21500000.0,0,No Trailer
The Mark of the Bell Witch,United States,Documentary,21500000.0,0,No Trailer
Christmas Mountain: The Story of Cowboy Angel,United States,Adventure,21500000.0,0,No Trailer
CrazyHot,United States,Documentary,21500000.0,0,No Trailer
The One You Feed,United States,Thriller/Suspense,21500000.0,0,No Trailer
A Sugar & Spice Holiday,United States,Romantic Comedy,21500000.0,0,No Trailer
Here On Out,United States,Thriller/Suspense,21500000.0,0,No Trailer
Angie: Lost Girls,United States,Drama,21500000.0,0,No Trailer
Jimmy’s Jungle,United States,Adventure,21500000.0,0,No Trailer
"Love, Repeat",United States,Romantic Comedy,21500000.0,0,No Trailer
My Dinner with Alan: A Sopranos Session,United States,Documentary,21500000.0,0,No Trailer
Love & Stuff,United States,Documentary,21500000.0,0,No Trailer
"Ariana Grande: Excuse Me, I Love You",United States,Concert/Performance,21500000.0,0,No Trailer
Two Ways Home,United States,Drama,21500000.0,0,No Trailer
GetAWAY,United States,Horror,21500000.0,0,No Trailer
Brain Dead,United States,Horror,21500000.0,0,No Trailer
Trust Me,United States,Comedy,21500000.0,0,No Trailer
A Mind Like Still Water,United States,Documentary,21500000.0,0,No Trailer
Dragons: Rescue Riders: Huttsgalor Holiday,United States,Adventure,21500000.0,0,No Trailer
Curse of Aurore,United States,Horror,21500000.0,0,No Trailer
The Lost Sons,United States,Documentary,21500000.0,0,No Trailer
The Marshal,United States,Western,21500000.0,0,No Trailer
Happy Times,"Israel,Italy,United States",Comedy,21500000.0,0,No Trailer
Sightless,United States,Thriller/Suspense,21500000.0,0,No Trailer
Monsters of Man,United States,Action,21500000.0,0,No Trailer
Elyse,United States,Drama,21500000.0,0,No Trailer
Burrow,United States,Adventure,21500000.0,0,No Trailer
Cusp,United States,Documentary,21500000.0,0,No Trailer
Ludi,United States,Drama,21500000.0,0,No Trailer
Insert Coin,United States,Documentary,21500000.0,0,No Trailer
Girl Lost: A Hollywood Story,United States,Drama,21500000.0,0,No Trailer
Elf Pets: Santa's Reindeer Rescue,United States,Adventure,21500000.0,0,No Trailer
A Ghost Waits,United States,Comedy,21500000.0,0,No Trailer
The Stay,United States,Thriller/Suspense,21500000.0,0,No Trailer
Lily Topples the World,United States,Documentary,21500000.0,0,No Trailer
The Hunt for Planet B,United States,Documentary,21500000.0,0,No Trailer
Alberto and the Concrete Jungle,United States,Adventure,21500000.0,0,No Trailer
Belly of the Beast,United States,Documentary,21500000.0,0,No Trailer
Canaan Land,United States,Drama,21500000.0,0,No Trailer
Best Summer Ever,United States,Musical,21500000.0,0,No Trailer
Tiny Tim: King for a Day,"Croatia,Norway,Sweden,United States",Documentary,21500000.0,0,No Trailer
Vampires Are Real,United States,Comedy,21500000.0,0,No Trailer
Dreaming Grand Avenue,United States,Drama,21500000.0,0,No Trailer
"Love, Lost & Found",United States,Romantic Comedy,21500000.0,0,No Trailer
A Savage Nature,United States,Thriller/Suspense,21500000.0,0,No Trailer
Royalty Free: The Music of Kevin MacLeod,United States,Documentary,21500000.0,0,No Trailer
Black Box,United States,Horror,21500000.0,0,No Trailer
Music Got Me Here,United States,Documentary,21500000.0,0,No Trailer
Black Pumpkin,United States,Horror,21500000.0,0,No Trailer
Blood Pi,United States,Horror,21500000.0,0,No Trailer
Halloween Hero,United States,Drama,21500000.0,0,No Trailer
Halloween Night,United States,Horror,21500000.0,0,No Trailer
Halloween Party,United States,Horror,21500000.0,0,No Trailer
Eric Clapton’s Crossroads Guitar Festival 2019,United States,Concert/Performance,21500000.0,0,No Trailer
Ham on Rye,United States,Drama,21500000.0,0,No Trailer
The Prayer,United States,Drama,21500000.0,0,No Trailer
"Miraculous World: New York, United Heroez","France,United Kingdom,United States",Adventure,21500000.0,0,No Trailer
Riddled with Deceit: A Martha’s Vineyard Mystery,"Canada,United States",Drama,21500000.0,0,No Trailer
